ra,dec,sigra,sigdec,w1mpro,w1sigmpro,w1snr,w2mpro,w2sigmpro,w2snr,w3mpro,w3sigmpro,w3snr,w4mpro,w4sigmpro,w4snr,cc_flags,ph_qual,sso_flg,qual_frame,qi_fact,saa_sep,moon_masked,mjd,source_id,w1flux,w1sigflux,w2flux,w2sigflux,allwise_cntr,r_allwise
113.142088,-20.0136256,0.1129,0.1225,12.153,0.029,37.9,12.08,0.043,25.2,11.398,,0.3,7.545,,0.9,0000,AAUU,0,10,1.0,93.728,0000,55299.382714,03622a085-000793,2751.1,72.499,1015.1,40.242,,
113.1421033,-20.0135963,0.108,0.1069,12.123,0.024,44.8,12.223,0.044,24.7,11.257,0.443,2.5,7.436,0.328,3.3,0000,AACB,0,10,1.0,52.425,0000,55299.515018,03627a024-000988,2829.4,63.178,890.01,36.079,,
113.1420822,-20.0135837,0.1113,0.1136,12.112,0.026,42.1,12.141,0.037,29.4,11.219,0.434,2.5,7.71,,0.3,0000,AACU,0,10,1.0,11.882,0000,55299.647322,03630a085-000942,2857.9,67.864,959.8,32.697,,
113.1420755,-20.0136096,0.1196,0.1236,12.18,0.03,36.4,12.136,0.043,25.2,10.44,0.205,5.3,7.728,,,0000,AABU,0,10,1.0,3.84,0000,55299.713538,03633a062-000795,2684.4,73.705,963.56,38.177,,
113.1420878,-20.0136011,0.1093,0.1089,12.153,0.025,43.9,12.12,0.037,29.7,10.421,0.207,5.2,7.589,,0.6,0000,AABU,0,10,1.0,-4.812,0000,55299.779626,03634a085-000981,2752.8,62.725,977.8,32.909,,
113.1421435,-20.013633,0.1047,0.1098,12.092,0.026,42.5,12.095,0.037,29.5,10.732,,2.0,7.782,,,0000,AAUU,0,10,1.0,-11.778,0000,55299.845842,03637a062-002953,2909.4,68.484,1001.3,33.992,,
113.142274,-20.0138133,0.0788,0.0896,11.822,0.016,66.9,12.716,0.048,22.5,10.598,0.346,3.1,7.951,,,0000,AABU,0,10,1.0,-7.99,0000,55299.911931,03638a085-002986,3731.7,55.758,565.06,25.123,,
113.1420863,-20.0135793,0.105,0.1133,12.146,0.026,41.4,12.089,0.036,30.2,11.396,0.497,2.2,7.892,,,0000,AACU,0,10,1.0,6.303,0000,55299.978146,03641a062-000968,2770.6,66.92,1006.1,33.297,,
113.142082,-20.0136215,0.1072,0.1102,12.14,0.024,44.7,12.104,0.039,28.0,11.13,,0.9,7.858,,0.4,0000,AAUU,0,10,1.0,26.473,0000,55300.044235,03642a085-000778,2785.7,62.304,992.34,35.393,,
113.1420579,-20.0136157,0.1104,0.1119,12.138,0.025,42.8,12.198,0.041,26.5,11.321,0.473,2.3,7.75,,0.4,0000,AACU,0,10,1.0,48.401,0000,55300.11045,03645a020-000846,2788.8,65.155,910.51,34.395,,
113.1421261,-20.0136032,0.1189,0.1366,12.149,0.031,35.1,12.08,0.037,29.2,11.537,,,7.609,,0.8,0000,AAUU,0,10,1.0,68.666,0000,55300.176539,03647a034-000774,2762.2,78.803,1014.9,34.736,,
113.1420809,-20.0135966,0.1103,0.1129,12.134,0.024,44.7,12.117,0.037,29.6,11.354,0.473,2.3,8.006,,,0000,AACU,0,10,1.0,88.711,0000,55300.242754,03649a061-000861,2801.3,62.711,980.5,33.131,,
113.1421064,-20.0136274,0.1127,0.1141,12.132,0.025,44.0,12.02,0.038,28.3,10.834,,1.7,7.303,,1.7,0000,AAUU,0,10,1.0,95.865,0000,55300.375059,03653a061-000907,2804.9,63.816,1072.3,37.953,,
113.1421034,-20.0136231,0.1076,0.1134,12.145,0.024,45.0,12.151,0.038,28.4,11.061,,1.0,7.151,,1.8,0000,AAUU,0,10,1.0,54.853,0000,55300.507363,03657a027-000799,2771.9,61.582,950.19,33.455,,
113.1421452,-20.0136141,0.1047,0.1064,12.127,0.024,45.1,12.084,0.035,31.4,11.075,0.35,3.1,7.558,,1.1,0000,AABU,0,10,1.0,13.703,0000,55300.639667,03661a061-000777,2818.3,62.484,1011.4,32.25,,
113.1420781,-20.0136298,0.0516,0.0524,12.134,0.023,47.0,12.128,0.035,31.0,,,,,,,0000,AAXX,0,10,1.0,101.771,0000,55490.790394,09409b218-000900,2878.6,61.26,1055.8,34.063,,
113.142102,-20.0135642,0.0542,0.0569,12.098,0.024,44.7,12.199,0.038,28.4,,,,,,,0000,AAXX,0,10,1.0,76.197,0000,55490.922698,09413b218-000818,2975.6,66.59,988.8,34.799,,
113.1420679,-20.0136375,0.0562,0.057,12.194,0.026,41.0,12.114,0.035,31.2,,,,,,,0000,AAXX,0,10,1.0,34.078,0000,55491.055002,09417b219-000860,2724.6,66.373,1069.2,34.298,,
113.1421076,-20.013577,0.0611,0.0581,12.158,0.029,37.2,12.047,0.035,31.3,,,,,,,0000,AAXX,0,10,1.0,3.591,0000,55491.187179,09421b218-000786,2815.2,75.691,1137.5,36.291,,
113.1421138,-20.0135867,0.0535,0.053,12.067,0.025,43.9,12.071,0.036,30.2,,,,,,,0000,AAXX,0,10,1.0,-4.704,0000,55491.253395,09424a194-000935,3062.3,69.68,1112.8,36.848,,
113.1420822,-20.0136483,0.0524,0.0522,12.201,0.023,46.5,12.165,0.038,28.7,,,,,,,0000,AAXX,0,10,1.0,-13.775,0000,55491.319483,09425b218-003470,2707.9,58.222,1020.5,35.568,,
113.1420949,-20.0133988,0.053,0.0606,12.421,0.026,41.1,12.089,0.033,33.2,,,,,,,0d00,AAXX,0,10,1.0,-10.676,0000,55491.385571,09428a193-003883,2211.1,53.757,1094.0,32.991,,
113.1421131,-20.0135738,0.0547,0.0576,12.152,0.026,41.5,12.159,0.036,30.6,,,,,,,0000,AAXX,0,5,0.5,2.288,0000,55491.451787,09429b218-001152,2831.4,68.191,1025.6,33.547,,
113.1421002,-20.0135634,0.0549,0.0557,12.106,0.024,45.7,12.157,0.035,30.9,,,,,,,0000,AAXX,0,10,1.0,22.56,0000,55491.517875,09432a193-000772,2953.6,64.69,1027.8,33.237,,
113.1421422,-20.0136007,0.0675,0.0687,12.149,0.034,31.6,11.954,0.035,30.6,,,,,,,0000,AAXX,0,10,1.0,44.215,0000,55491.583964,09433b218-000750,2838.8,89.798,1238.5,40.443,,
113.1420761,-20.0136108,0.0585,0.0596,12.14,0.026,41.9,12.12,0.042,26.0,,,,,,,0000,AAXX,0,10,1.0,44.133,0000,55491.584091,09433b219-000928,2864.1,68.356,1062.7,40.909,,
113.142135,-20.0135895,0.0542,0.0599,12.202,0.026,41.0,12.1,0.036,30.3,,,,,,,0000,AAXX,0,10,1.0,64.696,0000,55491.650179,09436a193-000812,2704.0,65.89,1082.7,35.781,,
113.1420956,-20.0135978,0.058,0.0642,12.217,0.029,37.6,12.096,0.037,29.1,,,,,,,0000,AAXX,0,10,1.0,100.121,0000,55491.782483,09440a194-000865,2667.3,70.859,1087.3,37.356,,
113.1420424,-20.0136265,0.0571,0.0534,12.096,0.027,40.9,12.127,0.034,31.8,,,,,,,0000,AAXX,0,10,1.0,78.614,0000,55491.91466,09444a193-000933,2981.7,72.949,1056.2,33.242,,
113.1421085,-20.0135985,0.0448,0.05,12.124,0.023,47.5,12.055,0.032,33.6,,,,,,,0000,AAXX,0,10,1.0,36.716,0000,55492.046964,09448a193-000879,2905.4,61.132,1128.6,33.637,,
113.1425891,-20.0139263,0.046,0.0446,11.191,0.021,52.6,12.372,0.047,23.2,,,,,,,0000,AAXX,0,10,1.0,-12.375,0000,55499.387861,09669b212-002003,6819.4,129.59,831.02,35.893,,
113.1420859,-20.0135657,0.0499,0.0513,12.137,0.02,53.8,12.077,0.037,29.4,,,,,,,0000,AA,0,10,1.0,17.691,00,56955.52494118,53805b214-000825,2812.2,52.248,1061.3,36.056,1.1360197013510171e+18,0.143196
113.1421264,-20.0135957,0.0544,0.0563,12.193,0.021,52.5,12.117,0.044,24.7,,,,,,,0000,AA,0,10,1.0,59.34,00,56955.65648179,53809b214-000891,2671.0,50.922,1023.2,41.347,1.1360197013510171e+18,0.095444
113.1420788,-20.0136247,0.057,0.0665,12.212,0.026,41.9,12.109,0.041,26.7,,,,,,,0000,AA,0,10,1.0,95.315,00,56955.78802184,53813b215-000864,2624.1,62.553,1031.1,38.594,1.1360197013510171e+18,0.103612
113.1421124,-20.0135836,0.0522,0.0699,12.157,0.027,40.1,12.147,0.036,30.3,,,,,,,0000,AA,0,5,0.5,82.4,00,56955.91943457,53817b214-000857,2761.9,68.905,994.87,32.88,1.1360197013510171e+18,0.083753
113.1421204,-20.0135966,0.0467,0.0613,12.135,0.025,42.6,12.094,0.036,30.2,,,,,,,0000,AA,0,10,1.0,81.931,00,56955.91956193,53817b215-000826,2818.0,66.182,1045.3,34.668,1.1360197013510171e+18,0.075134
113.1421071,-20.0136035,0.0549,0.0559,12.166,0.021,51.0,12.253,0.051,21.4,,,,,,,0000,AA,0,5,0.5,61.982,00,56955.98526828,53820a190-000903,2737.6,53.693,902.47,42.079,1.1360197013510171e+18,0.026049
113.1421238,-20.0135677,0.0523,0.0651,12.14,0.023,46.5,12.096,0.038,28.5,,,,,,,0000,AA,0,5,0.5,41.293,00,56956.05097466,53821b214-000812,2805.7,60.366,1043.0,36.576,1.1360197013510171e+18,0.15274
113.142112,-20.0135894,0.0512,0.0512,12.137,0.022,50.3,12.124,0.038,28.9,,,,,,,0000,AA,0,10,1.0,20.029,00,56956.11680837,53824a190-000856,2811.2,55.879,1016.7,35.124,1.1360197013510171e+18,0.066005
113.1420798,-20.0135637,0.0473,0.0516,12.147,0.021,51.2,12.094,0.037,29.3,,,,,,,0000,AA,0,10,1.0,3.523,00,56956.18251476,53826a121-000870,2786.1,54.378,1044.6,35.669,1.1360197013510171e+18,0.157549
113.1421008,-20.01359,0.0524,0.0585,12.123,0.024,45.9,12.177,0.04,27.4,,,,,,,0000,AA,0,10,1.0,-3.61,00,56956.2482211,53828a189-000830,2849.0,62.091,968.51,35.301,1.1360197013510171e+18,0.048472
113.1421104,-20.013605,0.052,0.0553,12.147,0.024,45.3,12.121,0.037,29.2,,,,,,,0000,AA,0,10,1.0,-13.413,00,56956.31405485,53829b215-001100,2787.9,61.569,1019.2,34.901,1.1360197013510171e+18,0.037652
113.1421017,-20.0135998,0.0514,0.0539,12.144,0.021,51.5,12.341,0.053,20.6,,,,,,,0d00,AA,0,10,1.0,-15.998,00,56956.37976115,53832a190-003480,2794.5,54.24,832.64,40.44,1.1360197013510171e+18,0.015116
113.1421242,-20.0135439,0.0502,0.0608,12.134,0.023,46.8,12.033,0.043,25.5,,,,,,,0000,AA,0,10,1.0,13.185,00,56956.51130124,53836a121-000811,2819.4,60.285,1105.2,43.372,1.1360197013510171e+18,0.230041
113.1420599,-20.0135806,0.0641,0.0613,12.197,0.026,41.3,12.161,0.037,29.0,,,,,,,0000,AA,0,5,0.5,55.099,00,56956.64271397,53840a189-001031,2660.2,64.37,982.36,33.867,1.1360197013510171e+18,0.15681
113.1421013,-20.0135903,0.0674,0.0658,12.232,0.028,39.4,12.168,0.059,18.6,,,,,,,0000,AA,0,10,1.0,55.01,00,56956.64284134,53840a190-000845,2577.5,65.337,975.85,52.598,1.1360197013510171e+18,0.047596
113.1420999,-20.0136056,0.0502,0.0559,12.159,0.023,47.9,12.072,0.037,29.1,,,,,,,0000,AA,0,10,1.0,92.48,00,56956.77425406,53844a189-000786,2756.3,57.504,1066.2,36.625,1.1360197013510171e+18,0.008099
113.1421152,-20.013595,0.0535,0.0599,12.129,0.024,45.3,12.014,0.037,29.3,,,,,,,0000,AA,0,10,1.0,29.324,00,57123.08155127,58906a083-000848,2835.1,62.609,1128.4,38.477,1.1360197013510171e+18,0.061407
113.1421262,-20.0136194,0.057,0.0681,12.099,0.027,39.9,12.081,0.037,29.4,,,,,,,0000,AA,0,5,0.5,70.575,00,57123.21283686,58911a030-000859,2914.3,73.123,1060.4,36.098,1.1360197013510171e+18,0.107405
113.1420859,-20.0135656,0.0541,0.0597,12.172,0.025,42.7,12.113,0.04,27.1,,,,,,,0000,AA,0,5,0.5,71.042,00,57123.21296418,58911a031-000819,2724.9,63.742,1030.5,37.955,1.1360197013510171e+18,0.143538
113.1421023,-20.0135918,0.0467,0.053,12.08,0.022,48.4,12.05,0.039,27.6,,,,,,,0000,AA,0,10,1.0,103.742,00,57123.34424977,58914a084-000762,2965.9,61.247,1091.4,39.49,1.1360197013510171e+18,0.042897
113.1421113,-20.0135756,0.0479,0.0571,12.148,0.023,46.4,12.105,0.034,31.9,,,,,,,0000,AA,0,10,1.0,93.209,00,57123.40982888,58917a060-000786,2785.9,60.06,1037.2,32.466,1.1360197013510171e+18,0.107872
113.1420823,-20.0135604,0.0516,0.0554,12.168,0.023,47.1,12.195,0.052,21.0,,,,,,,0000,AA,0,10,1.0,73.426,00,57123.4755353,58918a084-000821,2734.4,58.015,954.72,45.55,1.1360197013510171e+18,0.165254
113.1419764,-20.013517,0.063,0.0656,12.291,0.027,40.8,12.286,0.053,20.3,,,,,,,0000,AA,0,0,0.0,52.581,00,57123.54111447,58921a001-000825,2441.5,59.838,878.25,43.211,1.1360197013510171e+18,0.519473
113.1421082,-20.0135761,0.0526,0.0534,12.136,0.022,50.3,12.102,0.036,30.0,,,,,,,0000,AA,0,10,1.0,31.589,00,57123.60682089,58922a084-000833,2816.9,56.045,1040.6,34.71,1.1360197013510171e+18,0.102689
113.1421142,-20.0136124,0.0554,0.0639,12.113,0.024,45.1,12.079,0.043,25.2,,,,,,,0000,AA,0,10,1.0,11.592,00,57123.6724,58925a059-000869,2876.9,63.769,1062.5,42.111,1.1360197013510171e+18,0.059632
113.142099,-20.0136054,0.0554,0.056,12.113,0.022,49.8,12.063,0.04,27.1,,,,,,,0000,AA,0,10,1.0,2.794,00,57123.73810648,58926a084-000861,2875.9,57.792,1078.5,39.813,1.1360197013510171e+18,0.007326
113.142098,-20.0136012,0.0577,0.0785,12.172,0.032,34.4,12.048,0.035,30.9,,,,,,,0000,AA,0,5,0.5,-5.572,00,57123.80368559,58929a059-000795,2724.4,79.196,1093.4,35.341,1.1360197013510171e+18,0.009228
113.1420955,-20.0135883,0.0541,0.0567,12.162,0.022,49.6,12.091,0.036,29.9,,,,,,,0000,AA,0,10,1.0,-13.391,00,57123.86939207,58930a084-001611,2750.8,55.417,1050.9,35.133,1.1360197013510171e+18,0.055938
113.141972,-20.0136482,0.0675,0.0814,12.685,0.032,34.3,12.242,0.046,23.4,,,,,,,H000,AA,0,10,1.0,-10.385,00,57123.93497118,58933a059-002874,1699.0,49.495,914.73,39.171,1.1360197013510171e+18,0.460134
113.1421192,-20.0135859,0.0535,0.0525,12.138,0.026,41.8,12.021,0.037,29.4,,,,,,,0000,AA,0,10,1.0,-9.635,00,57123.9350985,58933a061-002402,2812.0,67.321,1121.1,38.113,1.1360197013510171e+18,0.09195
113.1421035,-20.0136121,0.055,0.0584,12.117,0.024,45.8,12.133,0.046,23.5,,,,,,,0000,AA,0,10,1.0,24.377,00,57124.06638409,58937a055-000801,2866.8,62.595,1011.1,43.014,1.1360197013510171e+18,0.034253
113.1420903,-20.0135789,0.0532,0.0537,12.15,0.022,48.6,12.039,0.035,31.1,,,,,,,0000,AA,0,10,1.0,66.223,00,57124.19766971,58941a056-000808,2781.6,57.184,1102.3,35.398,1.1360197013510171e+18,0.093417
113.1421058,-20.0136037,0.0558,0.0633,12.156,0.026,42.5,12.079,0.041,26.7,,,,,,,0000,AA,0,5,0.5,14.074,00,57317.52952907,64833b214-000753,2769.0,65.125,1059.4,39.665,1.1360197013510171e+18,0.021676
113.14213,-20.0135941,0.0545,0.055,12.153,0.024,44.9,12.229,0.041,26.7,,,,,,,0000,AA,0,10,1.0,14.146,00,57317.52965639,64833b215-000873,2777.5,61.811,922.54,34.614,1.1360197013510171e+18,0.108788
113.1421123,-20.0135814,0.0533,0.0541,12.196,0.023,47.8,12.164,0.041,26.7,,,,,,,0000,AA,0,5,0.5,55.661,00,57317.66081464,64837b215-000881,2669.1,55.834,978.83,36.621,1.1360197013510171e+18,0.090425
113.1421039,-20.0135848,0.0529,0.0578,12.149,0.023,47.7,12.161,0.037,29.3,,,,,,,0000,AA,0,10,1.0,92.286,00,57317.7919729,64841b214-000815,2787.6,58.481,981.76,33.475,1.1360197013510171e+18,0.068668
113.1421028,-20.0135632,0.0525,0.0544,12.14,0.022,48.9,12.052,0.034,31.5,,,,,,,0000,AA,0,10,1.0,102.276,00,57317.85755207,64844a190-000847,2812.1,57.539,1085.2,34.419,1.1360197013510171e+18,0.145176
113.1421454,-20.0136092,0.0516,0.0527,12.18,0.023,46.3,12.089,0.042,26.1,,,,,,,0000,AA,0,10,1.0,85.199,00,57317.92313116,64845b214-000979,2710.1,58.594,1049.5,40.173,1.1360197013510171e+18,0.156994
113.1421157,-20.0135929,0.0535,0.055,12.176,0.021,50.7,12.163,0.036,30.0,,,,,,,0000,AA,0,10,1.0,65.465,00,57317.98871032,64848a189-000876,2718.9,53.578,980.48,32.63,1.1360197013510171e+18,0.06685
113.1421244,-20.0135804,0.0558,0.0607,12.172,0.024,45.2,12.115,0.038,28.7,,,,,,,0000,AA,0,10,1.0,44.783,00,57318.05428946,64849b214-000882,2728.5,60.355,1024.2,35.687,1.1360197013510171e+18,0.118352
113.1420931,-20.0136119,0.0571,0.0602,12.203,0.022,48.7,12.122,0.049,22.2,,,,,,,0000,AA,0,10,1.0,23.86,00,57318.11986859,64852a121-000983,2652.1,54.488,1018.3,45.856,1.1360197013510171e+18,0.037289
113.1420911,-20.0135736,0.0593,0.0671,12.158,0.024,45.3,12.07,0.04,27.3,,,,,,,0000,AA,0,5,0.5,4.181,00,57318.18544771,64853b214-000813,2764.1,61.071,1067.8,39.125,1.1360197013510171e+18,0.110893
113.1421055,-20.0135748,0.0504,0.0542,12.147,0.022,49.5,12.128,0.036,30.2,,,,,,,0000,AA,0,10,1.0,-2.927,00,57318.25102684,64856a189-000852,2791.8,56.348,1012.4,33.489,1.1360197013510171e+18,0.105007
113.1421034,-20.01362,0.0524,0.0625,12.187,0.025,43.4,12.1,0.037,29.2,,,,,,,0000,AA,0,5,0.5,-11.81,00,57318.31660601,64857b214-001006,2692.7,62.039,1038.7,35.583,1.1360197013510171e+18,0.061273
113.1420891,-20.0135653,0.06,0.0658,12.166,0.027,40.8,12.188,0.046,23.4,,,,,,,0000,AA,0,5,0.5,8.731,00,57318.51334339,64864a189-000850,2743.3,67.198,958.14,40.909,1.1360197013510171e+18,0.141516
113.1420833,-20.0135571,0.0671,0.0663,12.229,0.027,39.9,12.092,0.042,26.0,,,,,,,0000,AA,0,5,0.5,50.684,00,57318.64450164,64868a189-000857,2588.6,64.951,1046.5,40.288,1.1360197013510171e+18,0.175351
113.1420713,-20.0135836,0.0571,0.0602,12.115,0.027,40.0,12.134,0.04,27.3,,,,,,,0000,AA,0,10,1.0,50.566,00,57318.644629,64868a190-000826,2875.2,71.798,1006.4,36.894,1.1360197013510171e+18,0.118809
113.1420927,-20.0135657,0.0515,0.0569,12.236,0.023,46.9,12.121,0.035,31.0,,,,,,,0000,AA,0,10,1.0,-5.647,00,57481.97454918,69850a077-001914,2572.7,54.812,1018.7,32.892,1.1360197013510171e+18,0.137599
113.1421278,-20.0135975,0.0584,0.0597,12.148,0.025,44.2,12.168,0.054,19.9,,,,,,,0000,AA,0,10,1.0,73.071,00,57482.23673882,69858a078-000825,2790.7,63.16,975.98,48.984,1.1360197013510171e+18,0.098386
113.1420213,-20.0137896,0.0605,0.0631,12.316,0.028,38.7,12.137,0.039,28.2,,,,,,,0000,AA,0,10,1.0,104.127,00,57482.36776999,69862a078-001044,2391.1,61.743,1003.5,35.643,1.1360197013510171e+18,0.7205
113.1420791,-20.0136024,0.0487,0.0521,12.177,0.023,46.3,12.091,0.032,33.5,,,,,,,0000,AA,0,10,1.0,91.24,00,57482.43334925,69865a054-000869,2715.9,58.608,1047.2,31.223,1.1360197013510171e+18,0.068761
113.1420983,-20.0135978,0.0484,0.0541,12.119,0.022,50.2,12.139,0.036,29.8,,,,,,,0000,AA,0,10,1.0,50.487,00,57482.56438038,69869a054-000920,2866.9,57.116,1001.9,33.677,1.1360197013510171e+18,0.0205
113.1420728,-20.0135983,0.0514,0.0508,12.114,0.021,52.1,12.074,0.039,28.1,,,,,,,0000,AA,0,5,0.5,29.524,00,57482.62995964,69870a078-000768,2880.1,55.254,1063.4,37.906,1.1360197013510171e+18,0.091831
113.1421157,-20.0136026,0.0525,0.0573,12.182,0.024,45.9,12.099,0.039,27.8,,,,,,,0000,AA,0,10,1.0,9.937,00,57482.69541154,69873a053-000846,2704.6,58.97,1039.9,37.448,1.1360197013510171e+18,0.055212
113.1421046,-20.0135933,0.052,0.0547,12.152,0.021,50.8,12.117,0.037,29.7,,,,,,,0000,AA,0,10,1.0,1.874,00,57482.7609908,69874a078-000912,2779.0,54.712,1022.3,34.479,1.1360197013510171e+18,0.040391
113.1420982,-20.0135816,0.0477,0.0575,12.192,0.023,46.5,12.05,0.037,29.2,,,,,,,0000,AA,0,5,0.5,-6.203,00,57482.82657007,69877a054-000788,2679.1,57.626,1087.5,37.213,1.1360197013510171e+18,0.078585
113.1421559,-20.0135952,0.0501,0.0513,12.172,0.021,51.4,12.076,0.033,32.7,,,,,,,0000,AA,0,10,1.0,-9.22,00,57482.95760123,69881a054-002497,2728.2,53.119,1061.7,32.474,1.1360197013510171e+18,0.193383
113.1420555,-20.0135726,0.0516,0.0561,12.174,0.021,51.5,12.106,0.041,26.2,,,,,,,0000,AA,0,5,0.5,26.086,00,57483.08863812,69885a054-000860,2724.0,52.887,1032.8,39.418,1.1360197013510171e+18,0.185325
113.1421089,-20.0136081,0.0517,0.0571,12.106,0.025,43.4,12.148,0.037,29.2,,,,,,,0000,AA,0,10,1.0,67.487,00,57483.21966941,69889a053-000780,2899.6,66.797,993.53,34.021,1.1360197013510171e+18,0.036317
113.1423018,-20.0134251,0.0468,0.0469,12.148,0.025,44.0,10.516,0.028,38.2,,,,,,,0000,AA,0,5,0.5,67.948,00,57483.21979677,69889a054-000503,2790.6,63.473,4468.7,117.1,1.1360197013510171e+18,0.938478
113.1420966,-20.0135891,0.0547,0.0585,12.168,0.022,48.7,12.084,0.04,27.1,,,,,,,0000,AA,0,0,0.0,5.024,00,57681.51889669,75941b209-000818,2739.4,56.194,1056.7,38.96,1.1360197013510171e+18,0.052344
113.142147,-20.0136134,0.0603,0.071,12.168,0.024,44.4,12.113,0.05,21.5,,,,,,,0000,AA,0,10,1.0,46.769,00,57681.64992791,75945b210-000913,2739.5,61.651,1029.3,47.806,1.1360197013510171e+18,0.164987
113.1421114,-20.0135818,0.0528,0.0545,12.175,0.024,46.2,12.134,0.039,28.0,,,,,,,0000,AA,0,10,1.0,85.281,00,57681.78095921,75949b210-000865,2721.4,58.914,1009.0,36.029,1.1360197013510171e+18,0.087717
113.1420694,-20.0136199,0.0626,0.0757,12.153,0.03,36.5,12.065,0.038,28.4,,,,,,,0000,AA,0,5,0.5,92.888,00,57681.91186315,75953b209-000804,2776.4,76.162,1075.4,37.819,1.1360197013510171e+18,0.117585
113.1421365,-20.0135845,0.053,0.0575,12.156,0.025,44.0,12.094,0.037,29.1,,,,,,,0000,AA,0,5,0.5,92.362,00,57681.91199052,75953b210-000837,2769.5,62.927,1047.0,35.951,1.1360197013510171e+18,0.142753
113.1421433,-20.013624,0.0565,0.0601,12.172,0.023,48.2,12.184,0.039,27.5,,,,,,,0000,AA,0,5,0.5,73.434,00,57681.97744247,75956a185-000894,2729.8,56.594,963.85,35.042,1.1360197013510171e+18,0.165984
113.1421142,-20.0135703,0.0631,0.0613,12.21,0.029,37.6,12.132,0.042,25.9,,,,,,,0000,AA,0,5,0.5,53.349,00,57682.04289441,75957b209-000827,2634.7,70.131,1011.3,38.999,1.1360197013510171e+18,0.129249
113.1421302,-20.0135698,0.054,0.0523,12.122,0.022,48.6,12.08,0.04,27.3,,,,,,,0000,AA,0,10,1.0,32.445,00,57682.10847373,75960a147-000820,2857.1,58.76,1060.5,38.853,1.1360197013510171e+18,0.159642
113.1420987,-20.0135796,0.0672,0.0655,12.12,0.027,40.3,12.206,0.043,25.3,,,,,,,0000,AA,0,5,0.5,11.562,00,57682.17392563,75962a121-000840,2862.8,71.091,944.27,37.331,1.1360197013510171e+18,0.085713
113.1420823,-20.0135617,0.0575,0.0647,12.158,0.028,38.5,12.095,0.039,27.9,,,,,,,0000,AA,0,10,1.0,-1.521,00,57682.23950488,75964a186-000844,2765.1,71.822,1046.2,37.444,1.1360197013510171e+18,0.160878
113.1421659,-20.0136175,0.0529,0.058,12.082,0.024,45.0,12.208,0.042,25.8,,,,,,,0000,AA,0,0,0.0,-8.86,00,57682.30495689,75965b210-000845,2965.0,65.922,942.93,36.579,1.1360197013510171e+18,0.230599
113.1420985,-20.0135912,0.0598,0.0687,12.223,0.027,39.9,12.084,0.039,28.0,,,,,,,0000,AA,0,5,0.5,-18.473,00,57682.37040883,75968a185-001894,2602.9,65.264,1056.7,37.699,1.1360197013510171e+18,0.044025
113.1421437,-20.0136078,0.0531,0.0576,12.227,0.024,45.1,12.218,0.04,27.3,,,,,,,0000,AA,0,5,0.5,-19.22,00,57682.37053619,75968a186-002162,2595.5,57.598,934.12,34.24,1.1360197013510171e+18,0.150684
113.1421661,-20.0136399,0.059,0.08,12.211,0.027,40.8,12.164,0.061,17.9,,,,,,,0000,AA,0,0,0.0,-0.665,00,57682.50144009,75972a121-000921,2632.6,64.553,981.64,54.983,1.1360197013510171e+18,0.261094
113.1420246,-20.0135805,0.0634,0.0644,11.897,0.035,30.7,12.107,0.045,24.4,,,,,,,0000,AA,0,10,1.0,41.284,00,57682.63247192,75976a185-000803,3517.4,114.5,1034.2,42.4,1.1360197013510171e+18,0.26611
113.1420871,-20.0135855,0.0479,0.057,12.128,0.023,47.7,12.064,0.038,28.4,,,,,,,0000,AA,0,10,1.0,80.673,00,57682.76350312,75980a185-000792,2843.0,59.569,1076.7,37.868,1.1360197013510171e+18,0.076704
113.1421069,-20.0135676,0.0555,0.0638,12.147,0.025,43.7,12.299,0.046,23.6,,,,,,,0000,AA,0,10,1.0,-18.563,00,57684.40107551,76029b207-003206,2793.1,63.849,866.94,36.793,1.1360197013510171e+18,0.131353
113.1421259,-20.0136164,0.054,0.0555,12.162,0.022,49.8,12.166,0.04,27.1,,,,,,,0000,AA,0,5,0.5,9.385,00,57684.53210676,76034a121-000851,2754.5,55.284,980.19,36.236,1.1360197013510171e+18,0.101121
113.1420875,-20.0135719,0.0562,0.0563,12.113,0.021,51.1,12.241,0.05,21.6,,,,,,,0000,AA,0,10,1.0,50.609,00,57684.66313797,76037b208-000889,2882.8,56.387,914.32,42.25,1.1360197013510171e+18,0.120332
113.1421202,-20.0135723,0.0525,0.0562,12.155,0.022,48.7,12.216,0.04,26.9,,,,,,,0000,AA,0,10,1.0,87.73,00,57684.79416924,76041b208-000890,2771.8,56.935,935.61,34.844,1.1360197013510171e+18,0.132232
113.1421229,-20.0135656,0.0533,0.0578,12.172,0.023,47.5,12.166,0.037,29.2,,,,,,,0000,AA,0,5,0.5,98.832,00,57684.85962118,76044a183-000805,2729.1,57.483,980.27,33.617,1.1360197013510171e+18,0.157596
113.1421227,-20.013577,0.0518,0.0545,12.191,0.023,46.3,12.101,0.04,27.1,,,,,,,0000,AA,0,10,1.0,88.303,00,57684.9252005,76045b208-000851,2681.9,57.966,1040.4,38.423,1.1360197013510171e+18,0.123468
113.1420825,-20.0135648,0.0554,0.0565,12.139,0.022,49.3,11.931,0.039,28.1,,,,,,,0000,AA,0,5,0.5,69.165,00,57684.99065244,76048a183-000870,2813.6,57.059,1216.9,43.257,1.1360197013510171e+18,0.150259
113.1420988,-20.0136065,0.0544,0.0553,12.127,0.023,46.3,11.956,0.046,23.7,,,,,,,0000,AA,0,10,1.0,48.648,00,57685.05623176,76049b208-000845,2844.1,61.468,1188.8,50.063,1.1360197013510171e+18,0.011343
113.1420709,-20.0135662,0.0557,0.0591,12.181,0.022,48.9,12.078,0.049,22.2,,,,,,,0000,AA,0,10,1.0,28.061,00,57685.1216837,76052a183-000865,2707.2,55.391,1063.0,47.833,1.1360197013510171e+18,0.16501
113.1420434,-20.0136237,0.0785,0.069,12.162,0.027,40.2,,,,,,,,,,0000,AX,0,5,0.5,7.186,00,57685.18713565,76053b207-000845,2754.1,68.495,,,1.1360197013510171e+18,0.203034
113.1421171,-20.0136104,0.0573,0.0615,12.203,0.027,40.9,12.16,0.04,26.9,,,,,,,0000,AA,0,5,0.5,6.883,00,57685.18726296,76053b208-000843,2651.5,64.839,985.19,36.63,1.1360197013510171e+18,0.064959
113.1420981,-20.0135641,0.0539,0.0591,12.151,0.024,45.7,12.068,0.037,29.7,,,,,,,0000,AA,0,5,0.5,-3.842,00,57685.25271491,76056a183-000922,2783.6,60.857,1072.7,36.147,1.1360197013510171e+18,0.141548
113.1421133,-20.0135921,0.0551,0.0556,12.166,0.024,45.6,12.091,0.048,22.8,,,,,,,0000,AA,0,10,1.0,-19.688,00,57685.38374612,76060a184-002738,2744.0,60.166,1049.6,46.1,1.1360197013510171e+18,0.062174
113.1421207,-20.0135874,0.0582,0.0617,12.167,0.026,42.1,12.244,0.049,22.4,,,,,,,0000,AA,0,5,0.5,3.811,00,57685.51477738,76064a121-000778,2741.8,65.2,911.59,40.78,1.1360197013510171e+18,0.092244
113.1420831,-20.0136145,0.0628,0.0633,12.138,0.027,39.6,12.034,0.037,29.7,,,,,,,0000,AA,0,10,1.0,45.192,00,57685.64568123,76068a183-000831,2816.8,71.128,1106.8,37.329,1.1360197013510171e+18,0.068094
113.1421144,-20.0136024,0.0609,0.0625,12.187,0.027,40.8,12.213,0.047,23.2,,,,,,,0000,AA,0,5,0.5,45.14,00,57685.64580859,76068a184-000885,2692.3,66.024,938.09,40.406,1.1360197013510171e+18,0.050867
113.1420832,-20.0136031,0.0563,0.0661,12.164,0.027,40.5,12.136,0.054,20.1,,,,,,,0000,AA,0,10,1.0,26.654,00,57842.65519899,80863a075-000891,2748.3,67.898,1007.7,50.171,1.1360197013510171e+18,0.054809
113.1420978,-20.0135595,0.0527,0.0586,12.178,0.024,44.5,12.122,0.036,30.3,,,,,,,0000,AA,0,10,1.0,0.741,00,57842.78610316,80867a075-000889,2713.7,60.957,1020.2,33.69,1.1360197013510171e+18,0.158133
113.1420693,-20.0135436,0.0488,0.0615,12.074,0.022,48.3,12.074,0.035,31.1,,,,,,,0000,AA,0,10,1.0,-13.352,00,57842.91713463,80871a075-002115,2986.5,61.836,1066.2,34.297,1.1360197013510171e+18,0.238143
113.1421229,-20.0136071,0.0502,0.0631,12.197,0.025,44.2,12.095,0.039,27.6,,,,,,,0000,AA,0,10,1.0,-7.498,00,57842.98258674,80873a051-002329,2666.6,60.353,1045.6,37.852,1.1360197013510171e+18,0.080599
113.1421397,-20.0135803,0.0533,0.0599,12.156,0.024,45.7,12.113,0.039,28.2,,,,,,,0000,AA,0,10,1.0,7.404,00,57843.04803875,80875a075-000866,2770.8,60.689,1028.9,36.486,1.1360197013510171e+18,0.159682
113.1420928,-20.0135809,0.06,0.0553,12.16,0.024,44.9,12.143,0.038,28.6,,,,,,,0000,AA,0,10,1.0,50.036,00,57843.17907019,80879a075-000856,2760.1,61.463,1001.2,35.056,1.1360197013510171e+18,0.08402
113.1420882,-20.013591,0.0562,0.0611,12.163,0.025,43.0,12.099,0.037,29.4,,,,,,,0000,AA,0,10,1.0,70.208,00,57843.24452225,80881a051-000838,2752.3,63.984,1041.8,35.478,1.1360197013510171e+18,0.058549
113.142096,-20.0135919,0.0532,0.056,12.149,0.022,50.3,12.03,0.042,26.1,,,,,,,0000,AA,0,10,1.0,89.404,00,57843.30997431,80883a075-000844,2787.9,55.417,1110.1,42.462,1.1360197013510171e+18,0.042968
113.1421184,-20.0135881,0.0604,0.0627,12.166,0.028,39.2,12.118,0.039,27.7,,,,,,,0000,AA,0,5,0.5,102.428,00,57843.37542635,80885a050-000845,2743.9,70.072,1024.4,36.966,1.1360197013510171e+18,0.084643
113.1420731,-20.0135765,0.0503,0.0589,12.141,0.024,44.5,12.065,0.04,27.3,,,,,,,0000,AA,0,10,1.0,103.182,00,57843.37555367,80885a052-000774,2807.6,63.12,1075.6,39.376,1.1360197013510171e+18,0.1315
113.1421089,-20.0135911,0.0549,0.0594,12.159,0.022,49.7,12.097,0.042,25.8,,,,,,,0000,AA,0,10,1.0,73.923,00,57843.50645779,80889a051-000887,2761.6,55.575,1043.7,40.392,1.1360197013510171e+18,0.054712
113.1420955,-20.0135699,0.0529,0.0603,12.162,0.025,43.9,12.042,0.038,29.0,,,,,,,0000,AA,0,5,0.5,32.274,00,57843.63736191,80893a051-000772,2755.3,62.75,1097.9,37.924,1.1360197013510171e+18,0.121319
113.142127,-20.0135716,0.0557,0.0568,12.153,0.022,49.2,12.173,0.04,27.2,,,,,,,0000,AA,0,10,1.0,2.743,00,57843.76839339,80897a051-000871,2776.4,56.449,973.83,35.854,1.1360197013510171e+18,0.147722
113.1420875,-20.013589,0.054,0.0565,12.159,0.023,47.7,12.119,0.038,28.7,,,,,,,0000,AA,0,10,1.0,28.652,00,58048.60822855,87154a206-000829,2758.7,57.832,1022.9,35.601,1.1360197013510171e+18,0.065633
113.1421125,-20.0136134,0.0571,0.0587,12.157,0.021,50.5,12.252,0.051,21.2,,,,,,,0000,AA,0,0,0.0,68.588,00,58048.739132,87158a205-000863,2763.5,54.685,904.68,42.755,1.1360197013510171e+18,0.057093
113.1420855,-20.0136005,0.0548,0.0534,12.176,0.021,50.8,12.054,0.041,26.5,,,,,,,0000,AA,0,10,1.0,96.962,00,58048.8700355,87162a205-000900,2716.1,53.471,1086.4,41.001,1.1360197013510171e+18,0.048163
113.1420928,-20.0135843,0.0543,0.0579,12.139,0.024,45.9,12.153,0.039,27.6,,,,,,,0000,AA,0,5,0.5,70.104,00,58049.0009389,87166a205-000802,2809.2,61.181,990.94,35.968,1.1360197013510171e+18,0.072294
113.1421086,-20.0135641,0.0561,0.0667,12.151,0.025,42.8,12.149,0.037,29.2,,,,,,,0000,AA,0,10,1.0,49.689,00,58049.06651796,87168a181-000831,2778.8,64.932,994.98,34.128,1.1360197013510171e+18,0.144862
113.1421322,-20.0136027,0.0492,0.057,12.136,0.024,45.8,12.114,0.037,29.6,,,,,,,0000,AA,0,10,1.0,29.106,00,58049.13196971,87170a167-000858,2817.1,61.545,1027.4,34.721,1.1360197013510171e+18,0.110978
113.1421496,-20.0135898,0.0537,0.0609,12.128,0.022,49.1,12.123,0.041,26.5,,,,,,,0000,AA,0,10,1.0,8.297,00,58049.19742141,87172a128-000834,2839.6,57.809,1018.9,38.433,1.1360197013510171e+18,0.176724
113.1421032,-20.0135851,0.0588,0.0572,12.159,0.024,45.6,12.09,0.044,24.4,,,,,,,0000,AA,0,10,1.0,-4.554,00,58049.26287306,87174a206-000860,2759.8,60.549,1050.9,43.011,1.1360197013510171e+18,0.067122
113.1420869,-20.0135762,0.0537,0.0561,12.14,0.022,49.9,12.141,0.039,27.7,,,,,,,0000,AA,0,10,1.0,-12.348,00,58049.32832481,87176a181-001067,2807.2,56.265,1002.2,36.175,1.1360197013510171e+18,0.106659
113.1421041,-20.0135821,0.0521,0.0579,12.147,0.023,47.4,12.157,0.039,27.8,,,,,,,0000,AA,0,10,1.0,-20.975,00,58049.39377656,87178a205-002554,2789.9,58.906,987.91,35.528,1.1360197013510171e+18,0.078311
113.1421281,-20.0135911,0.0566,0.0633,12.159,0.024,44.6,12.072,0.053,20.4,,,,,,,0000,AA,0,10,1.0,-15.756,00,58049.45922825,87180a180-003965,2759.3,61.845,1068.5,52.264,1.1360197013510171e+18,0.106702
113.1420988,-20.0136138,0.0586,0.0611,12.162,0.026,41.9,12.083,0.042,25.7,,,,,,,0000,AA,0,5,0.5,23.002,00,58049.59013165,87184a180-000811,2750.9,65.718,1057.1,41.195,1.1360197013510171e+18,0.037495
113.1420873,-20.0135634,0.0518,0.0556,12.117,0.024,45.8,12.043,0.039,27.7,,,,,,,0000,AA,0,10,1.0,63.104,00,58049.72116248,87188a181-000755,2867.6,62.575,1096.8,39.659,1.1360197013510171e+18,0.149704
113.1421599,-20.013582,0.0569,0.0595,12.189,0.025,42.9,12.155,0.041,26.2,,,,,,,0000,AA,0,5,0.5,94.072,00,58049.85206597,87192a181-000799,2684.3,62.556,989.74,37.818,1.1360197013510171e+18,0.218668
113.1420935,-20.0136181,0.0506,0.0491,12.161,0.027,39.5,14.722,,-49.6,,,,,,,0D00,AU,0,10,1.0,-10.544,00,58205.9824653,91963a074-002884,2753.9,69.695,-2305.4,46.517,1.1360197013510171e+18,0.056558
113.1420999,-20.013592,0.0507,0.054,12.119,0.023,47.6,12.177,0.04,27.4,,,,,,,0000,AA,0,5,0.5,65.655,00,58206.24427265,91971a074-000802,2863.2,60.206,969.26,35.41,1.1360197013510171e+18,0.041075
113.1420919,-20.0135416,0.0535,0.0548,12.159,0.024,45.0,12.074,0.035,30.9,,,,,,,0000,AA,0,5,0.5,99.9,00,58206.37504896,91975a074-000874,2759.7,61.275,1066.1,34.555,1.1360197013510171e+18,0.223922
113.1420999,-20.0136182,0.049,0.0624,12.193,0.025,42.8,12.164,0.041,26.6,,,,,,,0000,AA,0,5,0.5,100.647,00,58206.37517638,91975a075-000790,2674.8,62.556,981.59,36.94,1.1360197013510171e+18,0.053307
113.1420681,-20.0135991,0.068,0.0667,12.227,0.027,39.5,12.214,0.04,26.9,,,,,,,0000,AA,0,5,0.5,97.47,00,58206.44050082,91977a009-000978,2592.2,65.604,937.23,34.783,1.1360197013510171e+18,0.107001
113.1421095,-20.0135843,0.0548,0.0742,12.121,0.029,37.9,12.15,0.037,29.3,,,,,,,0000,AA,0,10,1.0,78.129,00,58206.50595269,91979a074-000813,2856.3,75.314,993.86,33.891,1.1360197013510171e+18,0.07678
113.1421195,-20.0136132,0.0523,0.0559,12.115,0.023,48.1,12.168,0.039,28.0,,,,,,,0000,AA,0,10,1.0,57.665,00,58206.57140449,91981a050-000855,2872.0,59.665,977.89,34.927,1.1360197013510171e+18,0.076599
113.1420965,-20.0135954,0.0483,0.0542,12.158,0.022,50.5,12.083,0.035,30.6,,,,,,,0000,AA,0,5,0.5,36.762,00,58206.6368564,91983a074-000824,2761.2,54.703,1057.6,34.554,1.1360197013510171e+18,0.030425
113.1420734,-20.0135776,0.0539,0.0643,12.158,0.026,41.0,12.064,0.042,25.7,,,,,,,0000,AA,0,5,0.5,16.088,00,58206.70230822,91985a050-000931,2761.0,67.314,1075.6,41.874,1.1360197013510171e+18,0.127912
113.142078,-20.0135545,0.0524,0.0548,12.175,0.022,49.6,12.107,0.036,30.2,,,,,,,0000,AA,0,5,0.5,3.714,00,58206.76776008,91987a074-000832,2718.0,54.786,1034.1,34.277,1.1360197013510171e+18,0.190342
113.1420492,-20.0135829,0.0526,0.0554,12.177,0.022,49.9,12.162,0.044,24.5,,,,,,,0000,AA,0,5,0.5,-3.771,00,58206.83321193,91989a050-000891,2713.8,54.421,982.66,40.053,1.1360197013510171e+18,0.185151
113.1418734,-20.0136804,0.0539,0.0554,11.956,0.021,52.3,12.154,0.044,24.6,,,,,,,0000,AA,0,5,0.5,-13.343,00,58206.96411571,91993a050-003255,3326.0,63.613,990.31,40.23,1.1360197013510171e+18,0.813173
113.1421069,-20.0136023,0.059,0.0575,12.19,0.023,48.1,12.151,0.04,26.9,,,,,,,0000,AA,0,5,0.5,59.858,00,58207.22592306,92001a050-000837,2680.6,55.767,993.36,36.932,1.1360197013510171e+18,0.025677
113.1421391,-20.0136397,0.1084,0.0792,12.146,0.056,19.4,12.215,0.039,28.0,,,,,,,0000,AA,0,5,0.5,95.594,00,58412.87977787,98286a205-001306,2791.2,143.55,936.43,33.424,1.1360197013510171e+18,0.187379
113.1421021,-20.0135611,0.0537,0.0591,12.143,0.024,45.6,12.13,0.042,26.0,,,,,,,0000,AA,0,10,1.0,70.193,00,58413.01055388,98290a204-000788,2800.0,61.355,1012.5,38.91,1.1360197013510171e+18,0.152554
113.1420857,-20.0135812,0.0543,0.0569,12.151,0.022,50.1,12.117,0.039,27.9,,,,,,,0000,AA,0,5,0.5,29.731,00,58413.14145726,98294a147-000920,2780.2,55.487,1025.2,36.729,1.1360197013510171e+18,0.092384
113.142098,-20.0135529,0.0611,0.0576,12.153,0.023,47.5,12.18,0.049,22.2,,,,,,,0000,AA,0,5,0.5,-5.247,00,58413.27236053,98298a205-000893,2773.7,58.404,966.54,43.515,1.1360197013510171e+18,0.181862
113.1421144,-20.0136202,0.0612,0.0653,12.203,0.025,42.9,12.151,0.037,29.1,,,,,,,0000,AA,0,5,0.5,-13.059,00,58413.33781222,98300a180-001049,2648.4,61.757,993.51,34.156,1.1360197013510171e+18,0.078945
113.1421163,-20.0133933,0.0465,0.0498,11.687,0.024,45.0,12.183,0.051,21.4,,,,,,,0000,AA,0,10,1.0,-21.109,00,58413.40326396,98302a205-002461,4262.8,94.632,964.29,45.135,1.1360197013510171e+18,0.758517
113.1421496,-20.0135167,0.0619,0.0686,12.203,0.025,42.6,14.108,0.268,4.0,,,,,,,0000,AB,0,10,1.0,-16.754,00,58413.46871565,98304a180-004296,2650.4,62.15,163.75,40.473,1.1360197013510171e+18,0.355321
113.1420739,-20.0135884,0.0611,0.0613,12.178,0.026,42.1,12.082,0.038,28.9,,,,,,,0000,AA,0,5,0.5,1.535,00,58413.53403993,98306a204-000866,2711.4,64.456,1058.3,36.633,1.1360197013510171e+18,0.101765
113.1420944,-20.013561,0.0549,0.0545,12.141,0.023,47.9,12.13,0.042,25.8,,,,,,,0000,AA,0,10,1.0,22.196,00,58413.59949162,98308a179-000828,2806.0,58.612,1012.6,39.321,1.1360197013510171e+18,0.153574
113.14211,-20.0136138,0.0582,0.0644,12.183,0.026,42.5,12.113,0.039,27.9,,,,,,,0000,AA,0,5,0.5,42.464,00,58413.6649433,98310a204-000842,2698.4,63.523,1028.1,36.794,1.1360197013510171e+18,0.05184
113.142163,-20.0135889,0.0559,0.0598,12.164,0.025,43.5,12.357,0.05,21.8,,,,,,,0000,AA,0,10,1.0,62.202,00,58413.73039499,98312a180-000905,2747.0,63.138,821.28,37.68,1.1360197013510171e+18,0.221376
113.142129,-20.0135998,0.0526,0.0547,12.126,0.021,51.4,12.251,0.078,14.0,,,,,,,0000,AA,0,10,1.0,93.05,00,58413.86129832,98316a180-000842,2843.6,55.309,905.8,64.762,1.1360197013510171e+18,0.10096
113.1421207,-20.0136194,0.0563,0.0577,12.197,0.025,42.8,12.211,0.046,23.7,,,,,,,0000,AA,0,5,0.5,75.111,00,58413.99220232,98320a180-000813,2664.3,62.229,940.07,39.638,1.1360197013510171e+18,0.092244
113.1420892,-20.0135921,0.0612,0.0645,12.202,0.027,39.8,12.143,0.04,27.3,,,,,,,0000,AA,0,10,1.0,35.514,00,58414.12297828,98324a157-000840,2652.1,66.594,1000.6,36.588,1.1360197013510171e+18,0.053341
113.142099,-20.0135837,0.0557,0.0623,12.131,0.023,46.4,12.2,0.064,17.0,,,,,,,0000,AA,0,5,0.5,87.862,00,58570.32427056,04299r072-000875,2830.2,60.934,949.08,55.902,1.1360197013510171e+18,0.070933
113.1420677,-20.0135591,0.0536,0.0649,12.135,0.025,43.2,12.103,0.043,25.2,,,,,,,0000,AA,0,5,0.5,97.195,00,58570.45517399,04303r073-000773,2819.9,65.342,1038.1,41.122,1.1360197013510171e+18,0.192177
113.1420811,-20.0135894,0.0556,0.0583,12.163,0.023,46.5,12.123,0.041,26.2,,,,,,,0000,AA,0,5,0.5,56.657,00,58570.58595016,04307r073-000864,2750.1,59.201,1018.7,38.893,1.1360197013510171e+18,0.079825
113.1421224,-20.0135916,0.0547,0.058,12.154,0.024,45.1,12.131,0.036,30.0,,,,,,,0000,AA,0,5,0.5,35.697,00,58570.65140183,04309r049-000827,2771.0,61.469,1011.4,33.731,1.1360197013510171e+18,0.088642
113.1421174,-20.0135997,0.0508,0.0527,12.13,0.021,50.5,12.102,0.038,28.7,,,,,,,0000,AA,0,10,1.0,15.685,00,58570.71685354,04311r074-000828,2833.0,56.074,1038.8,36.158,1.1360197013510171e+18,0.062327
113.142092,-20.0135988,0.0564,0.0578,12.181,0.026,41.4,12.168,0.044,24.7,,,,,,,0000,AA,0,5,0.5,5.594,00,58570.78230531,04313r050-000750,2703.4,65.279,977.34,39.645,1.1360197013510171e+18,0.030013
113.1421102,-20.0135885,0.0525,0.0558,12.13,0.022,49.4,12.124,0.037,29.4,,,,,,,0000,AA,0,10,1.0,-2.563,00,58570.84762971,04315r073-000882,2833.9,57.344,1017.9,34.597,1.1360197013510171e+18,0.064899
113.1420981,-20.0135507,0.0577,0.0572,12.134,0.024,45.4,12.18,0.038,28.7,,,,,,,0000,AA,0,5,0.5,-12.219,00,58570.91308147,04317r049-001360,2822.3,62.149,967.06,33.65,1.1360197013510171e+18,0.189771
113.1420892,-20.0135883,0.0519,0.0546,12.175,0.022,49.1,12.091,0.037,29.3,,,,,,,0000,AA,0,10,1.0,-10.468,00,58570.97853319,04319r074-003087,2719.0,55.383,1049.8,35.807,1.1360197013510171e+18,0.064385
113.142105,-20.0136014,0.0485,0.0514,12.144,0.022,48.3,12.082,0.034,31.7,,,,,,,0000,AA,0,5,0.5,2.268,00,58571.04398491,04321r050-001108,2798.6,57.998,1058.0,33.346,1.1360197013510171e+18,0.020265
113.1420465,-20.01349,0.0675,0.0722,12.655,0.026,42.5,12.728,0.052,20.9,,,,,,,0000,AA,0,0,0.0,40.406,00,58571.17425171,04325r002-000815,1747.7,41.124,583.89,27.873,1.1360197013510171e+18,0.445735
113.142089,-20.0135514,0.0546,0.0571,12.13,0.025,44.2,12.114,0.035,31.0,,,,,,,0000,AA,0,10,1.0,82.453,00,58571.30566446,04329r049-000757,2833.6,64.094,1027.3,33.156,1.1360197013510171e+18,0.190477
113.1421366,-20.0135804,0.0578,0.0585,12.178,0.022,48.7,12.195,0.042,26.0,,,,,,,0000,AA,0,5,0.5,29.346,00,58777.1491778,10622r160-000859,2711.4,55.681,953.91,36.742,1.1360197013510171e+18,0.150631
113.1421172,-20.0135629,0.0548,0.0588,12.158,0.022,48.8,12.478,0.056,19.5,,,,,,,0000,AA,0,0,0.0,-5.142,00,58777.27995366,10626r204-000818,2761.6,56.578,735.15,37.754,1.1360197013510171e+18,0.157743
113.142147,-20.0135879,0.0614,0.0681,12.146,0.025,42.9,12.21,0.047,22.9,,,,,,,0000,AA,0,5,0.5,-13.476,00,58777.34540525,10628r180-001090,2792.7,65.106,940.69,41.065,1.1360197013510171e+18,0.170407
113.1421407,-20.0135684,0.0533,0.056,12.131,0.022,50.4,12.086,0.038,28.3,,,,,,,0000,AA,0,5,0.5,65.152,00,58780.02790324,10710r203-000863,2830.6,56.126,1054.4,37.226,1.1360197013510171e+18,0.188129
113.1420909,-20.0135744,0.0538,0.0562,12.152,0.022,50.2,12.081,0.038,28.3,,,,,,,0000,AA,0,10,1.0,26.287,00,58780.15829712,10714r152-000892,2776.8,55.358,1059.4,37.436,1.1360197013510171e+18,0.108287
113.1420639,-20.0135693,0.058,0.0602,12.173,0.022,49.1,12.187,0.056,19.5,,,,,,,0000,AA,0,0,0.0,-3.797,00,58780.28958225,10718r203-000941,2723.7,55.461,960.4,49.131,1.1360197013510171e+18,0.171726
113.1421206,-20.0135812,0.0536,0.054,12.153,0.021,50.9,12.07,0.038,28.6,,,,,,,0000,AA,0,10,1.0,-12.12,00,58780.35503388,10720r179-001016,2773.8,54.545,1069.9,37.362,1.1360197013510171e+18,0.107376
113.1422214,-20.0136086,0.054,0.0576,12.114,0.027,40.6,11.733,0.03,36.4,,,,,,,0000,AA,0,10,1.0,-18.334,00,58780.42035816,10722r203-002575,2876.9,70.833,1459.1,40.045,1.1360197013510171e+18,0.413102
113.1421106,-20.0135164,0.0513,0.0549,12.106,0.025,44.0,12.15,0.039,27.5,,,,,,,0000,AA,0,10,1.0,-17.861,00,58780.42048552,10722r204-002416,2897.8,65.85,993.89,36.153,1.1360197013510171e+18,0.315483
113.142122,-20.0135634,0.0524,0.0546,12.153,0.022,49.1,12.133,0.038,28.7,,,,,,,0000,AA,0,10,1.0,-11.692,00,58780.48580979,10724r179-003532,2774.6,56.454,1009.7,35.165,1.1360197013510171e+18,0.163034
113.1421268,-20.0135843,0.0593,0.0597,12.171,0.024,45.3,12.079,0.042,26.0,,,,,,,0000,AA,0,5,0.5,4.759,00,58780.5507551,10726r122-000861,2729.4,60.215,1061.4,40.9,1.1360197013510171e+18,0.115404
113.142074,-20.013574,0.0556,0.0559,12.19,0.023,46.7,12.117,0.046,23.7,,,,,,,0000,AA,0,5,0.5,25.48,00,58780.61671606,10728r179-000871,2682.4,57.395,1024.5,43.163,1.1360197013510171e+18,0.136323
113.1421307,-20.0136106,0.0608,0.0647,12.219,0.025,44.0,12.305,0.055,19.8,,,,,,,0000,AA,0,5,0.5,45.139,00,58780.68204037,10730r203-000918,2609.7,59.335,861.51,43.408,1.1360197013510171e+18,0.109002
113.1420708,-20.0136018,0.0683,0.0621,12.234,0.027,39.9,12.26,0.053,20.6,,,,,,,0000,AA,0,0,0.0,64.212,00,58780.74749203,10732r179-000908,2575.6,64.527,897.91,43.491,1.1360197013510171e+18,0.096914
113.1420949,-20.0135517,0.0561,0.0596,12.156,0.025,43.5,12.166,0.049,22.2,,,,,,,0000,AA,0,5,0.5,79.952,00,58780.81294363,10734r204-000696,2767.0,63.544,979.15,44.16,1.1360197013510171e+18,0.186741
113.1420943,-20.0135952,0.0611,0.063,12.172,0.026,41.2,12.098,0.039,28.1,,,,,,,0000,AA,0,5,0.5,91.055,00,58780.87826793,10736r178-000754,2726.7,66.227,1043.1,37.157,1.1360197013510171e+18,0.034191
113.1421233,-20.0135667,0.0538,0.0576,12.146,0.025,42.7,12.195,0.04,26.9,,,,,,,0000,AA,0,10,1.0,90.635,00,58780.87839524,10736r179-000841,2793.1,65.457,953.72,35.449,1.1360197013510171e+18,0.154892
113.1420974,-20.0135923,0.0549,0.0599,12.205,0.023,46.5,12.101,0.049,22.0,,,,,,,0000,AA,0,5,0.5,70.337,00,58781.00917125,10740r179-000886,2644.0,56.864,1039.8,47.204,1.1360197013510171e+18,0.040529
113.1420473,-20.0135889,0.065,0.061,12.164,0.025,42.7,12.072,0.044,24.9,,,,,,,0000,AA,0,10,1.0,31.511,00,58781.13994715,10744r178-000818,2746.5,64.261,1068.4,42.959,1.1360197013510171e+18,0.183802
113.1420947,-20.0135472,0.0494,0.0549,12.148,0.022,49.4,12.141,0.039,27.9,,,,,,,0000,AA,0,5,0.5,105.211,00,58934.41097552,15431r073-000843,2786.7,56.436,1002.7,35.884,1.1360197013510171e+18,0.202944
113.1421366,-20.0135684,0.0568,0.0569,12.167,0.024,45.8,12.129,0.041,26.6,,,,,,,0000,AA,0,5,0.5,71.584,00,58934.54124225,15435r032-000847,2739.1,59.775,1013.1,38.096,1.1360197013510171e+18,0.178073
113.1420995,-20.0135671,0.0554,0.0622,12.129,0.024,44.3,12.184,0.047,22.9,,,,,,,0000,AA,0,5,0.5,30.453,00,58934.67252759,15439r073-000887,2835.7,63.968,963.73,42.148,1.1360197013510171e+18,0.13068
113.1421207,-20.0135724,0.0457,0.0552,12.19,0.022,48.7,12.172,0.036,29.9,,,,,,,0000,AA,0,5,0.5,11.389,00,58934.73797928,15441r049-000855,2680.6,55.046,973.89,32.564,1.1360197013510171e+18,0.132837
113.142095,-20.0136147,0.0517,0.0588,12.153,0.024,45.1,12.077,0.038,28.3,,,,,,,0000,AA,0,5,0.5,3.639,00,58934.80343098,15443r074-000786,2775.0,61.534,1062.8,37.488,1.1360197013510171e+18,0.043317
113.1421006,-20.0135857,0.0562,0.0722,12.157,0.027,39.8,12.165,0.037,29.5,,,,,,,0000,AA,0,10,1.0,-5.068,00,58934.86875542,15445r049-000822,2765.1,69.554,980.27,33.184,1.1360197013510171e+18,0.063849
113.142094,-20.0135738,0.0532,0.0573,12.186,0.023,47.9,12.105,0.044,24.7,,,,,,,0h00,AA,0,10,1.0,-11.999,00,58934.93420707,15447r074-001785,2691.0,56.175,1035.6,41.894,1.1360197013510171e+18,0.108114
113.1421245,-20.0136337,0.0567,0.0612,12.109,0.025,43.7,12.136,0.04,26.9,,,,,,,0000,AA,0,5,0.5,-8.567,00,58934.99953146,15449r049-002969,2890.4,66.21,1006.5,37.485,1.1360197013510171e+18,0.138228
113.1421021,-20.0135831,0.056,0.0561,12.149,0.021,50.6,12.236,0.043,25.1,,,,,,,0000,AA,0,5,0.5,5.572,00,58935.06498321,15451r073-001045,2784.1,55.071,918.53,36.638,1.1360197013510171e+18,0.073648
113.1420909,-20.013576,0.055,0.0586,12.18,0.022,48.9,12.155,0.038,28.9,,,,,,,0000,AA,0,5,0.5,46.893,00,58935.19575924,15455r073-000850,2705.3,55.316,989.03,34.256,1.1360197013510171e+18,0.102745
113.142102,-20.013578,0.0501,0.0523,12.12,0.021,51.5,12.18,0.042,25.8,,,,,,,0000,AA,0,5,0.5,67.439,00,58935.26121094,15457r049-000830,2860.4,55.543,966.58,37.467,1.1360197013510171e+18,0.091862
113.1421059,-20.0136068,0.0559,0.0592,12.177,0.022,49.3,12.246,0.042,26.1,,,,,,,0000,AA,0,5,0.5,102.562,00,58935.39198707,15461r049-000875,2713.8,55.095,909.8,34.895,1.1360197013510171e+18,0.025164
113.1421723,-20.0135716,0.0601,0.0621,12.211,0.024,44.4,12.138,0.04,26.9,,,,,,,0000,AA,0,10,1.0,77.412,00,58935.52225375,15465r019-000861,2629.5,59.208,1005.2,37.329,1.1360197013510171e+18,0.27187
113.1421338,-20.0135773,0.0509,0.0537,12.154,0.022,50.4,12.146,0.035,30.6,,,,,,,0000,AA,0,10,1.0,36.444,00,58935.65353914,15469r049-000812,2771.9,55.046,997.98,32.597,1.1360197013510171e+18,0.149561
113.1421002,-20.01362,0.0638,0.0662,12.201,0.029,37.2,12.258,0.039,27.8,,,,,,,0000,AA,0,5,0.5,60.354,00,59144.04604817,21842r204-000898,2654.6,71.316,900.02,32.398,1.1360197013510171e+18,0.059821
113.1421211,-20.0135759,0.0562,0.0577,12.157,0.021,50.5,12.197,0.047,23.3,,,,,,,0000,AA,0,10,1.0,21.321,00,59144.17631475,21846r127-000884,2765.0,54.718,952.11,40.808,1.1360197013510171e+18,0.123243
113.1420901,-20.0135773,0.056,0.0563,12.148,0.022,49.9,12.154,0.043,25.0,,,,,,,0000,AA,0,10,1.0,-6.475,00,59144.3076,21850r204-000898,2786.5,55.844,990.35,39.657,1.1360197013510171e+18,0.099086
113.142273,-20.0137218,0.0524,0.0524,12.257,0.023,46.8,11.395,0.028,38.5,,,,,,,d000,AA,0,10,1.0,-19.128,00,59144.43837589,21854r204-003615,2519.9,53.838,1992.6,51.819,1.1360197013510171e+18,0.725608
113.1425342,-20.0136042,0.0547,0.0509,11.603,0.024,46.1,12.155,0.04,27.5,,,,,,,0000,AA,0,10,1.0,-7.241,00,59144.50382753,21856r179-001431,4605.1,99.91,989.15,36.01,1.1360197013510171e+18,1.470758
113.1421399,-20.013591,0.0546,0.0578,12.175,0.023,47.7,12.274,0.043,25.0,,,,,,,0000,AA,0,5,0.5,10.389,00,59144.56915183,21858r203-000858,2717.9,56.998,886.97,35.423,1.1360197013510171e+18,0.144085
113.1421243,-20.0135821,0.057,0.0551,12.196,0.024,46.0,12.169,0.038,28.5,,,,,,,0000,AA,0,10,1.0,30.27,00,59144.63460338,21860r179-000787,2665.6,57.941,976.9,34.24,1.1360197013510171e+18,0.113903
113.1421079,-20.0135886,0.0579,0.0615,12.154,0.023,46.2,12.22,0.044,24.7,,,,,,,0000,AA,0,5,0.5,49.869,00,59144.69992772,21862r203-000855,2772.8,59.988,932.3,37.781,1.1360197013510171e+18,0.060543
113.1420771,-20.0136229,0.0609,0.0598,12.211,0.024,44.5,12.068,0.056,19.4,,,,,,,0000,AA,0,0,0.0,68.702,00,59144.76537932,21864r179-000831,2630.9,59.129,1072.0,55.374,1.1360197013510171e+18,0.103044
113.1420874,-20.0135824,0.0543,0.0632,12.191,0.025,44.3,12.122,0.043,25.1,,,,,,,0000,AA,0,5,0.5,83.592,00,59144.83070366,21866r203-000857,2680.1,60.514,1020.1,40.639,1.1360197013510171e+18,0.085808
113.1420988,-20.0135767,0.0579,0.0666,12.211,0.025,43.4,12.208,0.054,20.1,,,,,,,0000,AA,0,0,0.0,92.661,00,59144.89615527,21868r179-000871,2630.0,60.583,942.72,46.991,1.1360197013510171e+18,0.096141
113.1420937,-20.0135975,0.06,0.0613,12.21,0.027,39.5,12.183,0.048,22.8,,,,,,,0000,AA,0,5,0.5,65.826,00,59145.0269312,21872r179-000883,2632.2,66.636,964.35,42.255,1.1360197013510171e+18,0.028686
113.1420882,-20.013573,0.0714,0.0766,12.208,0.029,38.0,12.16,0.053,20.7,,,,,,,0000,AA,0,5,0.5,27.273,00,59145.1571983,21876r167-000857,2638.3,69.514,984.62,47.671,1.1360197013510171e+18,0.115812
113.1420959,-20.0135913,0.0478,0.0568,12.109,0.022,49.2,12.12,0.038,28.4,,,,,,,0000,AA,0,10,1.0,-3.18,00,59145.28848355,21880r179-000812,2888.4,58.74,1022.3,36.044,1.1360197013510171e+18,0.04514
113.1421054,-20.0135884,0.0586,0.0564,12.138,0.024,45.0,12.084,0.038,28.9,,,,,,,0000,AA,0,10,1.0,41.836,00,59301.63497815,26663r074-000847,2812.1,62.496,1056.5,36.55,1.1360197013510171e+18,0.057688
113.1420905,-20.0135602,0.0493,0.0549,12.136,0.024,45.6,12.073,0.038,28.9,,,,,,,0000,AA,0,5,0.5,4.863,00,59301.76575426,26667r074-000759,2818.9,61.786,1067.2,36.947,1.1360197013510171e+18,0.158407
113.1421138,-20.01359,0.0455,0.0569,12.176,0.022,48.8,12.115,0.04,27.1,,,,,,,0000,AA,0,10,1.0,-2.506,00,59301.83107866,26669r050-000816,2717.4,55.724,1027.0,37.874,1.1360197013510171e+18,0.068554
113.142053,-20.0135635,0.0526,0.056,12.161,0.026,41.7,12.097,0.034,31.7,,,,,,,0000,AA,0,5,0.5,-11.98,00,59301.89640306,26671r074-001411,2754.5,66.03,1043.7,32.953,1.1360197013510171e+18,0.212759
113.1421722,-20.0143029,0.0488,0.0618,11.758,0.025,43.1,12.175,0.045,23.9,,,,,,,0000,AA,0,10,1.0,-14.717,00,59301.96185476,26673r050-002995,3991.0,92.556,970.96,40.548,1.1360197013510171e+18,2.530212
113.1420956,-20.0135867,0.0537,0.0573,12.192,0.022,49.7,12.093,0.036,30.2,,,,,,,0000,AA,0,5,0.5,-5.351,00,59302.02717916,26675r074-002607,2676.9,53.896,1047.5,34.683,1.1360197013510171e+18,0.061479
113.1420556,-20.0135913,0.0538,0.0549,12.163,0.022,49.1,12.16,0.037,29.7,,,,,,,0000,AA,0,5,0.5,33.679,00,59302.15795522,26679r074-000879,2748.2,55.953,984.88,33.112,1.1360197013510171e+18,0.154429
113.1421107,-20.013588,0.0498,0.0573,12.126,0.022,49.9,12.091,0.044,24.7,,,,,,,0000,AA,0,5,0.5,73.89,00,59302.28860396,26683r073-000799,2845.1,56.962,1049.5,42.459,1.1360197013510171e+18,0.06734
113.1420725,-20.0135841,0.0595,0.0551,12.138,0.023,47.1,12.125,0.046,23.4,,,,,,,0000,AA,0,5,0.5,92.364,00,59302.35405567,26685r050-000831,2813.2,59.709,1017.1,43.493,1.1360197013510171e+18,0.114486
113.1420725,-20.0135787,0.053,0.0571,12.181,0.024,45.6,12.139,0.037,29.4,,,,,,,0000,AA,0,5,0.5,88.396,00,59302.48470436,26689r049-000870,2702.6,59.292,1004.0,34.096,1.1360197013510171e+18,0.127225
113.1420973,-20.0135631,0.0543,0.0612,12.161,0.025,43.4,12.153,0.047,23.0,,,,,,,0000,AA,0,5,0.5,88.549,00,59302.48483174,26689r051-000763,2754.9,63.412,990.83,43.051,1.1360197013510171e+18,0.145254
113.1420883,-20.0135467,0.0528,0.0547,12.157,0.021,50.6,12.145,0.037,29.1,,,,,,,0000,AA,0,5,0.5,47.989,00,59302.61548104,26693r050-000904,2764.3,54.589,998.67,34.344,1.1360197013510171e+18,0.207545
113.1421061,-20.0135961,0.0511,0.0561,12.131,0.022,49.8,12.127,0.04,27.2,,,,,,,0000,AA,0,5,0.5,-4.905,00,59508.27746877,32986r204-000777,2832.0,56.831,1015.1,37.323,1.1360197013510171e+18,0.034703
113.1421203,-20.0135897,0.0545,0.0543,12.178,0.023,48.0,12.124,0.037,29.3,,,,,,,0000,AA,0,10,1.0,-20.643,00,59508.4082448,32990r205-002423,2710.6,56.445,1018.1,34.703,1.1360197013510171e+18,0.0862
113.1420729,-20.0135877,0.0532,0.0606,12.189,0.024,45.1,12.245,0.044,24.6,,,,,,,0000,AA,0,5,0.5,1.205,00,59508.53889338,32994r157-000832,2682.7,59.501,910.94,37.047,1.1360197013510171e+18,0.10597
113.1421438,-20.0135935,0.0532,0.0594,12.192,0.025,43.7,12.063,0.042,25.6,,,,,,,0000,AA,0,5,0.5,1.35,00,59508.53902074,32994r158-000857,2675.4,61.193,1077.4,42.142,1.1360197013510171e+18,0.154358
113.1421031,-20.0135737,0.0572,0.059,12.113,0.023,47.2,12.104,0.049,22.0,,,,,,,0000,AA,0,10,1.0,41.909,00,59508.66966932,32998r205-000879,2878.9,61.032,1037.3,47.201,1.1360197013510171e+18,0.10765
113.1421181,-20.0136078,0.0552,0.0589,12.142,0.022,49.1,12.156,0.042,26.2,,,,,,,0000,AA,0,5,0.5,61.595,00,59508.73499367,33000r179-000858,2801.9,57.071,988.49,37.798,1.1360197013510171e+18,0.065208
113.1420844,-20.0135855,0.0603,0.0611,12.175,0.025,43.0,12.107,0.052,20.8,,,,,,,0000,AA,0,5,0.5,79.855,00,59508.80031794,33002r204-000852,2719.0,63.27,1034.3,49.682,1.1360197013510171e+18,0.082018
113.1421193,-20.0136064,0.0597,0.0608,12.17,0.025,43.2,12.158,0.042,25.7,,,,,,,0000,AA,0,5,0.5,92.612,00,59508.86564229,33004r179-000746,2730.8,63.163,986.64,38.393,1.1360197013510171e+18,0.068175
113.142077,-20.013576,0.0532,0.0592,12.109,0.023,46.9,12.273,0.052,20.7,,,,,,,0000,AA,0,5,0.5,93.483,00,59508.93109397,33006r205-000806,2890.2,61.687,887.92,42.904,1.1360197013510171e+18,0.124382
113.1420678,-20.0135934,0.0586,0.0593,12.179,0.023,47.0,12.25,0.052,20.7,,,,,,,0000,AA,0,5,0.5,75.486,00,59508.99641824,33008r180-000893,2707.9,57.639,906.45,43.756,1.1360197013510171e+18,0.11279
113.1421059,-20.0136044,0.0577,0.0604,12.141,0.026,42.2,12.125,0.043,25.4,,,,,,,0000,AA,0,10,1.0,56.097,00,59509.06174259,33010r204-000876,2805.4,66.462,1016.8,40.094,1.1360197013510171e+18,0.02228
113.1421155,-20.013576,0.0544,0.0577,12.17,0.024,45.6,12.175,0.043,25.2,,,,,,,0000,AA,0,5,0.5,35.942,00,59509.12706691,33012r179-000845,2732.2,59.862,971.05,38.511,1.1360197013510171e+18,0.112675
113.1420463,-20.0135873,0.0621,0.0619,12.151,0.026,41.2,12.095,0.042,25.6,,,,,,,0000,AA,0,5,0.5,15.416,00,59509.19239122,33014r132-000824,2780.2,67.529,1045.4,40.81,1.1360197013510171e+18,0.188736
113.1421023,-20.0135761,0.0507,0.0578,12.173,0.024,45.0,12.1,0.046,23.6,,,,,,,0000,AA,0,5,0.5,-1.025,00,59509.2578428,33016r180-000808,2723.1,60.485,1041.0,44.037,1.1360197013510171e+18,0.098768
113.1420745,-20.0135818,0.058,0.0626,12.148,0.024,45.2,12.168,0.06,18.1,,,,,,,0000,AA,0,10,1.0,-19.052,00,59509.38849142,33020r180-001621,2788.2,61.625,977.85,54.041,1.1360197013510171e+18,0.114633
113.142087,-20.0135736,0.0559,0.0655,12.129,0.024,44.7,12.112,0.04,27.0,,,,,,,0000,AA,0,5,0.5,-4.935,00,59509.51914005,33024r174-001591,2836.6,63.44,1029.1,38.118,1.1360197013510171e+18,0.115188
113.142076,-20.0135667,0.0544,0.0542,12.18,0.022,48.8,12.218,0.046,23.4,,,,,,,0000,AA,0,5,0.5,74.973,00,59515.79320414,33216r177-000827,2706.1,55.497,933.69,39.825,1.1360197013510171e+18,0.154016
113.142102,-20.0135848,0.0518,0.0544,12.151,0.023,47.0,12.256,0.043,25.1,,,,,,,0000,AA,0,10,1.0,50.478,00,59665.60540522,37803r073-000782,2779.8,59.116,901.31,35.956,1.1360197013510171e+18,0.067535
113.1421246,-20.0135809,0.0567,0.0648,12.157,0.025,43.6,12.157,0.041,26.5,,,,,,,0000,AA,0,10,1.0,10.814,00,59665.73592674,37807r073-000827,2764.1,63.463,987.8,37.343,1.1360197013510171e+18,0.117589
113.1420924,-20.0135719,0.0483,0.0526,12.116,0.021,51.7,12.083,0.044,24.9,,,,,,,0000,AA,0,10,1.0,-5.119,00,59665.86657552,37811r073-000831,2870.4,55.547,1057.7,42.56,1.1360197013510171e+18,0.115846
113.1420998,-20.0135762,0.0554,0.061,12.137,0.026,42.2,12.063,0.044,24.8,,,,,,,0000,AA,0,10,1.0,-8.176,00,59665.99709705,37815r073-002677,2815.2,66.668,1076.6,43.452,1.1360197013510171e+18,0.097929
113.142141,-20.0136105,0.0586,0.0672,12.177,0.025,43.7,12.165,0.056,19.4,,,,,,,0000,AA,0,10,1.0,5.959,00,59666.06242147,37817r049-000884,2714.7,62.11,980.62,50.457,1.1360197013510171e+18,0.143019
113.1421264,-20.0135974,0.0567,0.0616,12.194,0.024,46.2,12.199,0.045,23.9,,,,,,,0000,AA,0,5,0.5,25.241,00,59666.12723653,37819r031-000916,2671.2,57.88,950.42,39.704,1.1360197013510171e+18,0.09385
113.1421018,-20.0136109,0.06,0.0553,12.128,0.024,44.7,12.091,0.049,22.0,,,,,,,0000,AA,0,5,0.5,47.85,00,59666.1930703,37821r049-000772,2840.2,63.546,1049.1,47.777,1.1360197013510171e+18,0.028194
113.1420991,-20.0135702,0.053,0.0588,12.148,0.026,42.4,12.074,0.038,28.3,,,,,,,0000,AA,0,5,0.5,67.943,00,59666.25826736,37823r072-000826,2786.2,65.644,1066.4,37.625,1.1360197013510171e+18,0.119524
113.1420621,-20.0135567,0.059,0.0643,12.126,0.026,41.6,12.215,0.044,24.5,,,,,,,0000,AA,0,5,0.5,68.252,00,59666.25839472,37823r074-000746,2844.0,68.411,936.15,38.279,1.1360197013510171e+18,0.210199
113.1420665,-20.0135966,0.057,0.0602,12.163,0.025,43.8,12.143,0.043,25.2,,,,,,,0000,AA,0,5,0.5,87.693,00,59666.32359178,37825r048-000853,2749.5,62.836,1000.6,39.721,1.1360197013510171e+18,0.113948
113.1420768,-20.0135508,0.0531,0.0571,12.158,0.022,49.5,12.114,0.039,27.6,,,,,,,0000,AA,0,10,1.0,102.971,00,59666.38891619,37827r073-000839,2762.6,55.845,1027.3,37.189,1.1360197013510171e+18,0.204209
113.1421074,-20.0136009,0.0507,0.0572,12.17,0.023,47.4,12.155,0.041,26.6,,,,,,,0000,AA,0,5,0.5,56.916,00,59666.5847626,37833r048-000886,2732.4,57.639,989.67,37.212,1.1360197013510171e+18,0.028518
113.142097,-20.0135899,0.0544,0.0615,12.144,0.023,48.0,12.147,0.035,30.7,,,,,,,0000,AA,0,5,0.5,15.944,00,59666.7154114,37837r049-000869,2797.8,58.322,997.09,32.484,1.1360197013510171e+18,0.049273
113.1421029,-20.0135746,0.0693,0.0663,12.19,0.029,37.5,12.205,0.052,20.9,,,,,,,0000,AA,0,5,0.5,-2.018,00,59666.84606023,37841r049-000802,2680.4,71.435,945.16,45.304,1.1360197013510171e+18,0.104354
113.1421175,-20.0136025,0.0531,0.0573,12.158,0.022,49.7,12.086,0.04,27.3,,,,,,,0000,AA,0,5,0.5,-3.459,00,59875.51855524,44238r161-001030,2760.6,55.538,1054.0,38.595,1.1360197013510171e+18,0.061311
113.1421066,-20.0135549,0.0538,0.0557,12.179,0.022,48.4,12.165,0.044,24.7,,,,,,,0000,AA,0,10,1.0,37.299,00,59875.64945856,44242r203-000906,2707.7,55.989,980.83,39.632,1.1360197013510171e+18,0.17629
113.1420869,-20.0136022,0.0569,0.0623,12.169,0.025,43.7,12.072,0.042,25.9,,,,,,,0000,AA,0,5,0.5,75.081,00,59875.77972521,44246r202-000768,2733.0,62.576,1068.3,41.219,1.1360197013510171e+18,0.042503
113.1420819,-20.0135791,0.0512,0.0551,12.194,0.024,44.7,12.091,0.049,22.1,,,,,,,0000,AA,0,5,0.5,74.681,00,59875.77985252,44246r204-000875,2670.5,59.737,1049.9,47.437,1.1360197013510171e+18,0.105626
113.1420967,-20.0136144,0.0592,0.0649,12.212,0.028,38.6,12.122,0.038,28.8,,,,,,,0000,AA,0,5,0.5,88.36,00,59875.84492222,44248r178-000865,2628.4,68.061,1019.8,35.353,1.1360197013510171e+18,0.04064
113.142126,-20.0135677,0.0616,0.0683,12.194,0.028,39.1,12.148,0.039,27.8,,,,,,,0000,AA,0,10,1.0,87.768,00,59875.84504954,44248r179-000796,2672.5,68.363,996.28,35.885,1.1360197013510171e+18,0.156886
113.1421531,-20.0135944,0.0614,0.0625,12.166,0.027,40.6,12.169,0.05,21.5,,,,,,,0000,AA,0,5,0.5,95.687,00,59875.91011922,44250r203-000991,2741.2,67.435,976.64,45.403,1.1360197013510171e+18,0.184513
113.1421276,-20.0135743,0.0539,0.0561,12.143,0.022,49.6,12.078,0.041,26.3,,,,,,,0000,AA,0,5,0.5,78.626,00,59875.97531623,44252r178-000802,2800.0,56.414,1062.4,40.335,1.1360197013510171e+18,0.141682
113.1421209,-20.0135909,0.0547,0.0585,12.172,0.025,43.2,12.14,0.047,22.9,,,,,,,0000,AA,0,5,0.5,59.464,00,59876.04064056,44254r203-000812,2725.2,63.085,1003.2,43.741,1.1360197013510171e+18,0.085522
113.142073,-20.013538,0.0555,0.0625,12.152,0.025,43.6,12.132,0.042,25.7,,,,,,,0000,AA,0,5,0.5,39.926,00,59876.10583756,44256r179-000853,2778.1,63.759,1011.0,39.367,1.1360197013510171e+18,0.251807
113.1421161,-20.0135787,0.0567,0.0587,12.139,0.026,41.4,12.158,0.041,26.4,,,,,,,0000,AA,0,5,0.5,20.452,00,59876.17052521,44258r136-000774,2811.1,67.872,987.1,37.368,1.1360197013510171e+18,0.105346
113.1421044,-20.0135367,0.064,0.065,12.163,0.027,40.3,12.111,0.041,26.7,,,,,,,0000,AA,0,5,0.5,3.753,00,59876.23610415,44260r178-000751,2750.2,68.255,1030.4,38.581,1.1360197013510171e+18,0.240715
113.1421059,-20.0136058,0.0532,0.0584,12.22,0.026,41.7,12.11,0.038,28.5,,,,,,,0000,AA,0,10,1.0,-6.922,00,59876.30130116,44262r203-000874,2609.5,62.563,1031.4,36.149,1.1360197013510171e+18,0.023624
113.1420968,-20.0135843,0.0776,0.0649,12.17,0.03,36.1,12.132,0.041,26.5,,,,,,,0000,AA,0,10,1.0,-14.529,00,59876.36649822,44264r178-001075,2731.2,75.599,1010.5,38.179,1.1360197013510171e+18,0.06932
113.1420986,-20.013605,0.0619,0.0762,12.166,0.026,42.2,12.152,0.042,25.9,,,,,,,0000,AA,0,5,0.5,-8.946,00,59876.49638282,44268r167-001974,2741.9,64.987,991.82,38.34,1.1360197013510171e+18,0.006364
113.1421311,-20.0136042,0.0558,0.0587,12.055,0.025,42.8,12.206,0.057,18.9,,,,,,,0000,AA,0,5,0.5,30.612,00,59876.62728619,44272r179-000690,3035.8,70.925,944.22,49.935,1.1360197013510171e+18,0.107267
113.1420968,-20.013617,0.0562,0.0601,12.122,0.026,41.3,11.942,0.046,23.7,,,,,,,0000,AA,0,10,1.0,14.049,00,60029.71930161,48975r073-000743,2854.1,69.102,1203.4,50.727,1.1360197013510171e+18,0.049744
113.1421102,-20.0136247,0.0545,0.0647,12.08,0.027,39.8,12.117,0.041,26.5,,,,,,,0000,AA,0,5,0.5,-2.858,00,60029.84931388,48979r073-000716,2967.8,74.62,1024.5,38.695,1.1360197013510171e+18,0.084938
113.1420699,-20.0135855,0.0517,0.0547,12.157,0.024,45.6,12.037,0.037,29.0,,,,,,,0000,AA,0,10,1.0,-9.105,00,60029.97932619,48983r073-001646,2764.9,60.651,1103.1,38.085,1.1360197013510171e+18,0.118785
113.1419887,-20.0136027,0.082,0.0956,12.832,0.041,26.6,12.751,0.053,20.6,,,,,,,0000,AA,0,0,0.0,20.734,00,60030.1087023,48987r002-001127,1484.1,55.849,571.72,27.689,1.1360197013510171e+18,0.374462
113.1420354,-20.0134931,0.0597,0.0656,12.434,0.027,39.8,12.481,0.046,23.5,,,,,,,0000,AA,0,0,0.0,21.015,00,60030.10882962,48987r003-000751,2141.3,53.737,733.0,31.217,1.1360197013510171e+18,0.45226
113.1421015,-20.0136005,0.0532,0.0566,12.169,0.024,45.3,12.156,0.048,22.6,,,,,,,0000,AA,0,5,0.5,43.415,00,60030.17428145,48989r048-000789,2733.6,60.302,988.12,43.783,1.1360197013510171e+18,0.012627
113.142081,-20.01358,0.0521,0.0549,12.156,0.022,50.3,12.129,0.043,25.1,,,,,,,0000,AA,0,10,1.0,63.651,00,60030.23922392,48991r072-000889,2767.1,54.96,1013.0,40.317,1.1360197013510171e+18,0.104739
113.1420958,-20.013569,0.0554,0.0541,12.129,0.024,45.0,12.066,0.04,26.8,,,,,,,0000,AA,0,10,1.0,83.733,00,60030.30429367,48993r048-000803,2835.7,63.008,1073.9,40.05,1.1360197013510171e+18,0.124437
113.1421082,-20.013594,0.052,0.0569,12.153,0.022,49.4,12.065,0.039,28.0,,,,,,,0000,AA,0,5,0.5,100.255,00,60030.36923619,48995r072-000837,2774.9,56.144,1074.6,38.393,1.1360197013510171e+18,0.045069
113.14179,-20.0135,0.0857,0.0811,12.904,0.03,35.8,12.961,0.063,17.4,,,,,,,0000,AA,0,0,0.0,100.617,00,60030.43379662,48997r001-000853,1389.3,38.785,470.88,27.118,1.1360197013510171e+18,1.110804
113.1420851,-20.0135907,0.058,0.0564,12.172,0.023,46.9,12.191,0.045,24.1,,,,,,,0000,AA,0,5,0.5,61.998,00,60030.56431822,49001r048-000778,2726.7,58.167,957.61,39.735,1.1360197013510171e+18,0.066559
113.1420892,-20.0135669,0.051,0.0547,12.168,0.021,51.4,12.156,0.036,30.1,,,,,,,0000,AA,0,5,0.5,41.143,00,60030.62926064,49003r072-000832,2736.1,53.266,988.61,32.878,1.1360197013510171e+18,0.135854
113.1421033,-20.0135504,0.0564,0.0567,12.145,0.022,49.4,12.232,0.051,21.1,,,,,,,0000,AA,0,5,0.5,20.813,00,60030.69433047,49005r048-000831,2794.4,56.575,921.69,43.682,1.1360197013510171e+18,0.191256
113.1421144,-20.0135978,0.0541,0.0542,12.155,0.022,49.2,12.168,0.044,24.8,,,,,,,0000,AA,0,5,0.5,0.361,00,60030.8243427,49009r048-000811,2768.2,56.282,977.27,39.34,1.1360197013510171e+18,0.054597
113.1421006,-20.0135848,0.0549,0.0578,12.131,0.023,47.1,12.119,0.038,28.8,,,,,,,0000,AA,0,10,1.0,-11.465,00,60030.95435501,49013r049-001591,2830.6,60.048,1022.7,35.452,1.1360197013510171e+18,0.067083
113.1421339,-20.0135883,0.0502,0.0618,12.18,0.024,45.4,12.088,0.037,29.0,,,,,,,0000,AA,0,5,0.5,89.689,00,60034.33364815,49117r049-000876,2706.9,59.605,1052.2,36.243,1.1360197013510171e+18,0.128739
113.1421012,-20.0135914,0.0614,0.0721,12.176,0.028,39.2,12.141,0.038,28.9,,,,,,,0000,AA,0,5,0.5,90.357,00,60034.33377546,49117r050-000741,2717.0,69.384,1002.6,34.724,1.1360197013510171e+18,0.043627
113.1420912,-20.0135528,0.0957,0.0885,13.137,0.035,31.4,12.997,0.078,13.9,,,,,,,0000,AA,0,5,0.5,52.377,00,60239.69934734,55450r202-001683,1120.9,35.706,455.58,32.788,1.1360197013510171e+18,0.18426
113.1420706,-20.0135631,0.0789,0.0836,13.071,0.031,35.0,12.951,0.072,15.1,,,,,,,0000,AA,0,10,1.0,85.327,00,60239.82872264,55454r202-001677,1191.5,34.008,475.44,31.436,1.1360197013510171e+18,0.174753
113.1420648,-20.0135878,0.0873,0.0886,13.119,0.036,30.1,12.993,0.068,16.0,,,,,,,0000,AA,0,5,0.5,83.121,00,60239.95809799,55458r202-001678,1139.6,37.857,457.49,28.551,1.1360197013510171e+18,0.129815
113.1421447,-20.0135659,0.1005,0.0922,13.154,0.036,30.4,12.882,0.061,17.8,,,,,,,0000,AA,0,10,1.0,64.843,00,60240.02278565,55460r178-001761,1103.7,36.356,506.31,28.424,1.1360197013510171e+18,0.204218
113.1420521,-20.0136069,0.0968,0.0992,13.116,0.038,28.9,12.929,0.078,14.0,,,,,,,0000,AA,0,5,0.5,45.552,00,60240.08747328,55462r202-001616,1143.0,39.536,485.24,34.676,1.1360197013510171e+18,0.160492
113.1420797,-20.0135721,0.081,0.1023,13.11,0.033,33.2,12.934,0.064,16.9,,,,,,,0000,AA,0,5,0.5,25.752,00,60240.15216095,55464r177-001696,1149.6,34.581,482.64,28.571,1.1360197013510171e+18,0.13091
113.1420962,-20.0136815,0.0985,0.1382,13.129,0.042,25.6,12.98,0.077,14.2,,,,,,,0000,AA,0,5,0.5,7.018,00,60240.21684862,55466r202-001729,1128.7,44.146,462.84,32.701,1.1360197013510171e+18,0.281368
113.1420342,-20.0135916,0.0842,0.0922,13.179,0.033,32.5,13.056,0.07,15.5,,,,,,,0000,AA,0,5,0.5,-3.944,00,60240.28153625,55468r177-001861,1078.5,33.215,431.44,27.833,1.1360197013510171e+18,0.224599
113.1420618,-20.0135538,0.0936,0.1025,13.132,0.037,29.3,12.884,0.076,14.3,,,,,,,0000,AA,0,5,0.5,-12.56,00,60240.34622449,55470r202-002038,1125.8,38.479,505.66,35.301,1.1360197013510171e+18,0.219226
113.1420861,-20.0135665,0.0891,0.0975,13.162,0.035,30.9,13.147,0.084,13.0,,,,,,,h000,AA,0,5,0.5,-18.242,00,60240.41091215,55472r177-002981,1095.7,35.485,396.99,30.558,1.1360197013510171e+18,0.140251
113.142061,-20.0136287,0.1137,0.1409,13.234,0.046,23.6,13.149,0.085,12.8,,,,,,,0000,AA,0,10,1.0,-14.68,00,60240.47509047,55474r160-005064,1024.9,43.428,395.96,30.893,1.1360197013510171e+18,0.158643
113.1420696,-20.0135834,0.0912,0.0953,13.195,0.036,30.0,13.06,0.073,14.9,,,,,,,0000,AA,0,5,0.5,-14.113,00,60240.47521784,55474r161-004827,1062.2,35.409,430.04,28.834,1.1360197013510171e+18,0.123875
113.1420883,-20.0136229,0.1051,0.1219,13.275,0.042,26.1,13.103,0.075,14.5,,,,,,,0000,AA,0,5,0.5,4.382,00,60240.5402875,55476r177-001782,986.96,37.787,413.24,28.464,1.1360197013510171e+18,0.07961
113.1419642,-20.0136725,0.1242,0.1282,13.213,0.045,24.3,13.059,0.088,12.3,,,,,,,0000,AA,0,10,1.0,43.561,00,60240.66915339,55480r182-001730,1045.3,42.99,430.24,34.858,1.1360197013510171e+18,0.520605
113.142072,-20.0136275,0.087,0.0964,13.103,0.035,31.0,13.093,0.1,10.9,,,,,,,0000,AA,0,5,0.5,43.54,00,60240.66928075,55480r183-001707,1156.4,37.263,417.07,38.362,1.1360197013510171e+18,0.126955
113.1420132,-20.0136399,0.1057,0.1102,13.034,0.045,24.1,12.94,0.076,14.2,,,,,,,0000,AA,0,5,0.5,80.475,00,60240.79852868,55484r181-001646,1232.5,51.095,480.01,33.732,1.1360197013510171e+18,0.31982
113.1420845,-20.0135749,0.0918,0.1011,13.239,0.038,28.3,13.099,0.079,13.8,,,,,,,0000,AA,0,10,1.0,80.039,00,60240.79865601,55484r182-001809,1020.8,36.116,414.68,30.076,1.1360197013510171e+18,0.114311
113.1420583,-20.0135634,0.0619,0.0602,12.083,0.027,39.5,12.321,0.051,21.4,,,,,,,0000,AA,0,10,1.0,-9.113,00,60396.9926798,60327r072-001064,2960.0,74.873,849.38,39.78,1.1360197013510171e+18,0.20016
113.142074,-20.0135719,0.0647,0.059,12.193,0.027,40.5,12.188,0.038,28.8,,,,,,,0000,AA,0,5,0.5,64.432,00,60397.2497752,60335r071-000855,2673.4,65.984,959.43,33.295,1.1360197013510171e+18,0.142273
113.1420866,-20.01358,0.055,0.0598,12.138,0.026,42.1,12.214,0.043,25.1,,,,,,,0000,AA,0,5,0.5,64.891,00,60397.24990251,60335r072-000758,2813.1,66.889,937.2,37.397,1.1360197013510171e+18,0.094716
113.1420903,-20.0135809,0.0514,0.0607,12.182,0.024,44.6,12.117,0.046,23.7,,,,,,,0000,AA,0,10,1.0,82.49,00,60397.31369887,60337r047-000781,2700.7,60.524,1024.6,43.15,1.1360197013510171e+18,0.086652
113.1420819,-20.0135463,0.0516,0.0592,12.09,0.024,45.1,12.145,0.04,27.4,,,,,,,0000,AA,0,5,0.5,99.681,00,60397.37838653,60339r071-000951,2940.0,65.231,998.7,36.471,1.1360197013510171e+18,0.213914
113.1420897,-20.0135861,0.0532,0.0558,12.175,0.025,44.3,12.108,0.038,28.9,,,,,,,0000,AA,0,5,0.5,100.393,00,60397.37851389,60339r072-000814,2718.9,61.366,1033.6,35.727,1.1360197013510171e+18,0.070394
113.1421357,-20.013564,0.0492,0.0601,12.168,0.024,45.5,12.096,0.037,29.7,,,,,,,0000,AA,0,5,0.5,81.373,00,60397.50699795,60343r071-000831,2735.8,60.072,1044.5,35.152,1.1360197013510171e+18,0.187605
113.1420884,-20.0135655,0.0572,0.0728,12.188,0.032,34.4,12.143,0.036,30.4,,,,,,,0000,AA,0,5,0.5,81.572,00,60397.50712527,60343r072-000862,2686.3,78.137,1000.5,32.933,1.1360197013510171e+18,0.141423
113.1421228,-20.0135778,0.056,0.0677,12.133,0.026,42.0,12.133,0.044,24.7,,,,,,,0000,AA,0,10,1.0,60.492,00,60397.5702849,60345r047-000941,2825.4,67.304,1010.2,40.966,1.1360197013510171e+18,0.121485
113.1420848,-20.01359,0.0529,0.0559,12.146,0.022,50.4,12.038,0.038,28.7,,,,,,,0000,AA,0,10,1.0,40.459,00,60397.63509997,60347r071-000887,2791.1,55.428,1102.2,38.41,1.1360197013510171e+18,0.069037
113.1420672,-20.0135605,0.0575,0.0693,12.12,0.027,40.8,12.155,0.049,22.3,,,,,,,0000,AA,0,10,1.0,20.118,00,60397.69889632,60349r047-000882,2861.0,70.085,989.12,44.348,1.1360197013510171e+18,0.188985
113.1420675,-20.0135663,0.0641,0.0578,12.168,0.025,42.9,12.095,0.04,26.9,,,,,,,0000,AA,0,10,1.0,6.684,00,60397.76371139,60351r072-000798,2736.8,63.859,1046.1,38.949,1.1360197013510171e+18,0.171703
113.1420986,-20.0135854,0.0523,0.056,12.173,0.022,48.5,12.135,0.04,27.2,,,,,,,0000,AA,0,5,0.5,-2.766,00,60397.8275077,60353r047-000822,2722.9,56.103,1007.6,37.061,1.1360197013510171e+18,0.064856
113.1421293,-20.0136053,0.0517,0.0593,12.105,0.024,44.7,12.106,0.038,28.4,,,,,,,0000,AA,0,10,1.0,-15.885,00,60397.95599176,60357r046-001458,2899.8,64.87,1034.8,36.478,1.1360197013510171e+18,0.101371
113.1420823,-20.0135929,0.0523,0.0579,12.14,0.025,43.9,12.112,0.037,29.1,,,,,,,0000,AA,0,10,1.0,-15.109,00,60397.95611907,60357r047-001385,2807.6,63.915,1029.5,35.387,1.1360197013510171e+18,0.069098
113.1420758,-20.0135688,0.0555,0.0583,12.144,0.022,50.3,12.114,0.047,22.9,,,,,,,0000,AA,0,5,0.5,10.458,00,60398.08460314,60361r047-000841,2797.3,55.572,1027.6,44.809,1.1360197013510171e+18,0.147946
113.14209,-20.0136334,0.0558,0.057,12.171,0.022,48.9,12.113,0.037,29.4,,,,,,,0000,AA,0,5,0.5,51.823,00,60398.21321456,60365r047-000847,2728.9,55.787,1028.6,35.011,1.1360197013510171e+18,0.112583
